	EffectiveMass	Error	RegUp	RegLow
0	0.18133650779724148	0.005431459051397229	17	12
