	EffectiveMass	Error	RegUp	RegLow
0	0.19320822715759306	0.0036475672307874963	17	12
