	EffectiveMass	Error	RegUp	RegLow
0	0.19338449478149447	0.003630614321452889	17	12
