	EffectiveMass	Error	RegUp	RegLow
0	0.17625685691833526	0.007953850366301397	17	12
