	EffectiveMass	Error	RegUp	RegLow
0	0.17846059799194364	0.008475726213135285	17	12
