	EffectiveMass	Error	RegUp	RegLow
0	0.1799545001983645	0.008338231518115281	17	12
