	EffectiveMass	Error	RegUp	RegLow
0	0.1765677261352542	0.008044019480612214	17	12
