	EffectiveMass	Error	RegUp	RegLow
0	0.18110088348388698	0.0053775737454037995	17	12
