	EffectiveMass	Error	RegUp	RegLow
0	0.18088479042053246	0.008497681401992103	17	12
