	EffectiveMass	Error	RegUp	RegLow
0	0.17813038825988797	0.005207393281305487	17	12
