	EffectiveMass	Error	RegUp	RegLow
0	0.19330622673034703	0.0035359930252460772	17	12
