	EffectiveMass	Error	RegUp	RegLow
0	0.1849123001098636	0.004176352542217504	17	12
