	EffectiveMass	Error	RegUp	RegLow
0	0.1817501926422122	0.008355764615647208	17	12
