	EffectiveMass	Error	RegUp	RegLow
0	0.1860852813720706	0.004125973366217793	17	12
