	EffectiveMass	Error	RegUp	RegLow
0	0.1865179729461673	0.004238442204579818	17	12
