Ensemble,FF,chi2,dof,pvalue,c0,c0_err,c1,c1_err,c2,c2_err,c3,c3_err,phys_central_nsq1,phys_err_nsq1,phys_central_nsq2,phys_err_nsq2,phys_central_nsq3,phys_err_nsq3,phys_central_nsq4,phys_err_nsq4,phys_central_nsq5,phys_err_nsq5
C2,V,9.571959531917855,11,0.569249901377118,0.6974028781583493,0.04676316427986112,-0.21379198435933439,0.042282812255354726,-0.05829651207765945,0.019443369535661073,0.049434868857145896,0.01534946097277071,0.42901101843506495,0.020508892326823437,0.4238253741733554,0.023600937829310262,0.4278353128335711,0.028042294476236705,0.440183189813402,0.03335364043780565,0.4582140230115646,0.04107852689718385
