	EffectiveMass	Error	RegUp	RegLow
0	0.3969124794006358	0.011428278305931083	22	18
