	EffectiveMass	Error	RegUp	RegLow
0	0.41322196960449337	0.009357405852698503	22	18
