	EffectiveMass	Error	RegUp	RegLow
0	0.383271427154542	0.019737985350529397	23	18
