	EffectiveMass	Error	RegUp	RegLow
0	0.40443316459655876	0.007057429568864031	23	18
