	EffectiveMass	Error	RegUp	RegLow
0	0.40104239463806257	0.007425399857240673	23	18
