	EffectiveMass	Error	RegUp	RegLow
0	0.37752761840820415	0.020601168191387083	22	18
