	EffectiveMass	Error	RegUp	RegLow
0	0.4054669857025158	0.010067643105069319	23	18
