	EffectiveMass	Error	RegUp	RegLow
0	0.3558821582794198	0.017778569174296172	23	18
