	EffectiveMass	Error	RegUp	RegLow
0	0.32220935821533286	0.020531295042408707	23	18
