	EffectiveMass	Error	RegUp	RegLow
0	0.356233844757081	0.016756291541635774	23	18
