	EffectiveMass	Error	RegUp	RegLow
0	0.42719468116760373	0.008341759438805997	22	18
