	EffectiveMass	Error	RegUp	RegLow
0	0.38299299240112405	0.009056113853041914	23	18
