	EffectiveMass	Error	RegUp	RegLow
0	0.4169559288024913	0.006733817001719509	23	18
