	EffectiveMass	Error	RegUp	RegLow
0	0.3890373706817637	0.00894962203885874	23	18
