	EffectiveMass	Error	RegUp	RegLow
0	0.416575164794923	0.0074935623666467395	23	18
