	EffectiveMass	Error	RegUp	RegLow
0	0.341883153915406	0.025401444144288805	22	18
