	EffectiveMass	Error	RegUp	RegLow
0	0.34615752220153895	0.024729312898678527	23	18
