	EffectiveMass	Error	RegUp	RegLow
0	0.42379728317260856	0.006119328206223816	23	18
