	EffectiveMass	Error	RegUp	RegLow
0	0.3201878929138191	0.022536944292560594	23	18
