	EffectiveMass	Error	RegUp	RegLow
0	0.2766941642761237	0.015069594769629257	17	12
