	EffectiveMass	Error	RegUp	RegLow
0	0.2696880149841314	0.006585700399099655	17	12
