	EffectiveMass	Error	RegUp	RegLow
0	0.27768312454223687	0.005153797551199205	17	12
