	EffectiveMass	Error	RegUp	RegLow
0	0.27586704254150457	0.004939525811249695	17	12
