	EffectiveMass	Error	RegUp	RegLow
0	0.26794682502746636	0.006441239652366241	17	12
