	EffectiveMass	Error	RegUp	RegLow
0	0.2699957180023199	0.006644916231088317	17	12
