	EffectiveMass	Error	RegUp	RegLow
0	0.2725486850738531	0.012685060424864725	17	12
