	EffectiveMass	Error	RegUp	RegLow
0	0.2651544952392583	0.012379882816958234	17	12
