	EffectiveMass	Error	RegUp	RegLow
0	0.26929588317871156	0.012666249405210394	17	12
