	EffectiveMass	Error	RegUp	RegLow
0	0.290119066238404	0.004388624530467701	17	12
