	EffectiveMass	Error	RegUp	RegLow
0	0.2782131099700934	0.015699777097057825	17	12
