	EffectiveMass	Error	RegUp	RegLow
0	0.27617645263671947	0.004993873362993163	17	12
