	EffectiveMass	Error	RegUp	RegLow
0	0.2878661251068123	0.004215144735771983	17	12
