	EffectiveMass	Error	RegUp	RegLow
0	0.2836850547790535	0.015383971331292837	17	12
