	EffectiveMass	Error	RegUp	RegLow
0	0.6348638439178489	0.02982748551155204	23	18
