	EffectiveMass	Error	RegUp	RegLow
0	0.6377614402771015	0.03581262762135836	23	18
