	EffectiveMass	Error	RegUp	RegLow
0	0.6610612106323261	0.046029937772983746	24	19
