	EffectiveMass	Error	RegUp	RegLow
0	0.6467390632629415	0.02436615339144017	24	19
