	EffectiveMass	Error	RegUp	RegLow
0	0.6593467807769795	0.027054848637234216	23	18
