	EffectiveMass	Error	RegUp	RegLow
0	0.6295932769775412	0.031985614028973056	24	19
