	EffectiveMass	Error	RegUp	RegLow
0	0.6458663940429707	0.024393394623073373	23	18
