	EffectiveMass	Error	RegUp	RegLow
0	0.6236615753173846	0.025708044412869394	23	18
