	EffectiveMass	Error	RegUp	RegLow
0	0.6384681320190451	0.02219783511865258	23	18
