	EffectiveMass	Error	RegUp	RegLow
0	0.6696714210510275	0.020567389382636077	24	19
