	EffectiveMass	Error	RegUp	RegLow
0	0.6629246711730978	0.02148603597571954	23	18
