	EffectiveMass	Error	RegUp	RegLow
0	0.6107220649719256	0.03548664627215577	23	18
