	EffectiveMass	Error	RegUp	RegLow
0	0.6475781154632587	0.03640551896880665	23	18
