	EffectiveMass	Error	RegUp	RegLow
0	0.6203155708313006	0.04040809192496049	23	18
