	EffectiveMass	Error	RegUp	RegLow
0	0.6031751060485859	0.03315990184224557	23	18
