	EffectiveMass	Error	RegUp	RegLow
0	0.6808446502685568	0.019400489054756043	23	18
