	EffectiveMass	Error	RegUp	RegLow
0	0.6663516616821308	0.022113599033666963	23	18
