	EffectiveMass	Error	RegUp	RegLow
0	0.5828795814514176	0.034904385367528316	23	18
