	EffectiveMass	Error	RegUp	RegLow
0	0.6598799037933369	0.020650154825016847	23	18
