	EffectiveMass	Error	RegUp	RegLow
0	0.6260905742645284	0.04670564639481667	24	19
