	EffectiveMass	Error	RegUp	RegLow
0	0.4817641925811782	0.0056971262191108036	27	20
