	EffectiveMass	Error	RegUp	RegLow
0	0.4297055244445812	0.011171562135687277	27	20
