	EffectiveMass	Error	RegUp	RegLow
0	0.4668140888214124	0.005962709000399197	27	20
