	EffectiveMass	Error	RegUp	RegLow
0	0.4476952075958265	0.022765016106210352	25	18
