	EffectiveMass	Error	RegUp	RegLow
0	0.4561686325073255	0.006561996616342436	27	20
