	EffectiveMass	Error	RegUp	RegLow
0	0.43984179496765263	0.024916415312290052	25	18
