	EffectiveMass	Error	RegUp	RegLow
0	0.47381334304809697	0.006129478771831667	27	20
