	EffectiveMass	Error	RegUp	RegLow
0	0.4807365608215346	0.01580736251473673	25	18
