	EffectiveMass	Error	RegUp	RegLow
0	0.4653038501739515	0.006843512072277143	27	20
