	EffectiveMass	Error	RegUp	RegLow
0	0.4381193733215344	0.01090447214013563	27	20
