	EffectiveMass	Error	RegUp	RegLow
0	0.4771671199798597	0.0058284906557747275	27	20
