	EffectiveMass	Error	RegUp	RegLow
0	0.46035660743713513	0.006922898414180432	27	20
