	EffectiveMass	Error	RegUp	RegLow
0	0.45903269767761357	0.017639279266384138	25	18
