	EffectiveMass	Error	RegUp	RegLow
0	0.44075100898742803	0.009502334701566754	27	20
