	EffectiveMass	Error	RegUp	RegLow
0	0.452398023605348	0.009516438153244652	27	20
