	EffectiveMass	Error	RegUp	RegLow
0	0.4697412109375013	0.01659619573532993	25	18
