	EffectiveMass	Error	RegUp	RegLow
0	0.44325669288635383	0.01098304880892443	27	20
