	EffectiveMass	Error	RegUp	RegLow
0	0.46902352333068975	0.006237801797147046	27	20
