	EffectiveMass	Error	RegUp	RegLow
0	0.44676723480224734	0.009473336440623146	27	20
