	EffectiveMass	Error	RegUp	RegLow
0	0.18467018127441437	0.004488761597148434	16	12
