	EffectiveMass	Error	RegUp	RegLow
0	0.4886323547363296	0.012270597327845353	17	12
