	EffectiveMass	Error	RegUp	RegLow
0	0.5147463798522964	0.010576349356465006	17	12
