	EffectiveMass	Error	RegUp	RegLow
0	0.5193173885345475	0.011406821194957267	17	12
