	EffectiveMass	Error	RegUp	RegLow
0	0.48996069908142237	0.022924460292891465	17	12
