	EffectiveMass	Error	RegUp	RegLow
0	0.49468443870544576	0.02584975089467262	17	12
