	EffectiveMass	Error	RegUp	RegLow
0	0.49125740051269673	0.012326955524508106	17	12
