	EffectiveMass	Error	RegUp	RegLow
0	0.4653226566314711	0.018076762534585532	17	12
