	EffectiveMass	Error	RegUp	RegLow
0	0.46338364601135384	0.026076664405395106	17	12
