	EffectiveMass	Error	RegUp	RegLow
0	0.4723227500915541	0.016819812566446175	17	12
