	EffectiveMass	Error	RegUp	RegLow
0	0.47479268074035785	0.026515885058878003	17	12
