	EffectiveMass	Error	RegUp	RegLow
0	0.5038641166687026	0.02404619897713322	17	12
