	EffectiveMass	Error	RegUp	RegLow
0	0.5153340911865248	0.010697047496895273	17	12
