	EffectiveMass	Error	RegUp	RegLow
0	0.45589864730835084	0.028905300716704368	17	12
