	EffectiveMass	Error	RegUp	RegLow
0	0.46738736152649063	0.0165649806284503	17	12
