	EffectiveMass	Error	RegUp	RegLow
0	0.4923602008819594	0.013550115848929395	17	12
