{
  "ensemble": "C1",
  "cmass": "0.300",
  "FF": "A0",
  "use_disp": true,
  "frozen": true,
  "reg_low": 4,
  "reg_up": 15,
  "chi2": 35.608040645263735,
  "ndof": 40,
  "chi2/dof": 0.8902010161315934,
  "pvalue": 0.6681931062631743,
  "T": 20.0,
  "mDs_gs": {
    "1": 1.0053755693631896,
    "2": 1.0333904983360709,
    "3": 1.0614736500046429,
    "4": 1.0846392938609517,
    "5": 1.1112090761765216
  },
  "mDs_es": {
    "1": 1.3057445405187496,
    "2": 1.3114545911596187,
    "3": 1.352721852263768,
    "4": 1.3489609570132304,
    "5": 1.3863919853448583
  },
  "mBs_gs": 3.0069502709532503,
  "mBs_es": 3.5090274447825016,
  "Z0_Ds": {
    "1": 7.011791236196636e-07,
    "2": 6.11149199166326e-07,
    "3": 5.445508040310112e-07,
    "4": 4.798691379319212e-07,
    "5": 4.3504116466032126e-07
  },
  "Z1_Ds": {
    "1": 5.268437769932894e-07,
    "2": 5.864525084647142e-07,
    "3": 6.385269622120064e-07,
    "4": 6.387295553880461e-07,
    "5": 6.630079231065609e-07
  },
  "Z0_Bs": 0.21196617875546714,
  "Z1_Bs": 0.5907907498653349
}