	EffectiveMass	Error	RegUp	RegLow
0	0.28782571792602607	0.007162059166332802	23	18
