	EffectiveMass	Error	RegUp	RegLow
0	0.25621086120605524	0.01669862804731471	23	18
