	EffectiveMass	Error	RegUp	RegLow
0	0.27314110755920473	0.009690866128590906	23	18
