	EffectiveMass	Error	RegUp	RegLow
0	0.30134129524231024	0.0059040898359284015	23	18
