	EffectiveMass	Error	RegUp	RegLow
0	0.244318237304688	0.016094510587028512	23	18
