	EffectiveMass	Error	RegUp	RegLow
0	0.2989350128173835	0.006243731867401694	23	18
