	EffectiveMass	Error	RegUp	RegLow
0	0.252614946365357	0.016131383153188142	23	18
