	EffectiveMass	Error	RegUp	RegLow
0	0.279849462509156	0.015322198080995842	23	18
