	EffectiveMass	Error	RegUp	RegLow
0	0.3015451335906989	0.006633873902085572	23	18
