	EffectiveMass	Error	RegUp	RegLow
0	0.282951564788819	0.007092036594770614	23	18
