	EffectiveMass	Error	RegUp	RegLow
0	0.2770193862915045	0.009547355444113738	23	18
