	EffectiveMass	Error	RegUp	RegLow
0	0.28644305229187084	0.0076265372215689985	23	18
