	EffectiveMass	Error	RegUp	RegLow
0	0.2695627021789556	0.009298639225849297	23	18
