	EffectiveMass	Error	RegUp	RegLow
0	0.2921285152435309	0.01610404049219237	23	18
