	EffectiveMass	Error	RegUp	RegLow
0	0.28997377395629953	0.015989121839471276	23	18
