{
  "ensemble": "M3",
  "cmass": "0.340",
  "FF": "A1",
  "use_disp": true,
  "frozen": true,
  "reg_low": 10,
  "reg_up": 18,
  "chi2": 33.9001414257449,
  "ndof": 25,
  "chi2/dof": 1.356005657029796,
  "pvalue": 0.11005961087441563,
  "T": 26.0,
  "mDs_gs": {
    "0": 0.9135239430605032,
    "1": 0.9319790718772044,
    "2": 0.9486167332083276,
    "4": 0.9820857502484316,
    "5": 0.9988479986905456
  },
  "mDs_es": {
    "0": 1.2790930954185096,
    "1": 1.2657124117503489,
    "2": 1.2369632700438038,
    "4": 1.2594383880542557,
    "5": 1.2532204584256528
  },
  "mBs_gs": 2.255415713399502,
  "mBs_es": 2.6080817254545887,
  "Z0_Ds": {
    "0": 6.327336301427987e-10,
    "1": 5.520869388993748e-10,
    "2": 4.80220080497763e-10,
    "4": 3.802643049719138e-10,
    "5": 3.376087744922035e-10
  },
  "Z1_Ds": {
    "0": 2.530952262802585e-10,
    "1": 4.6165709594410427e-10,
    "2": 5.084352584685499e-10,
    "4": 5.636744661435514e-10,
    "5": 5.531977272106059e-10
  },
  "Z0_Bs": 0.16656795351502213,
  "Z1_Bs": 0.3568122151148948
}