	EffectiveMass	Error	RegUp	RegLow
0	0.4464172554016126	0.0160043656547081	17	12
