	EffectiveMass	Error	RegUp	RegLow
0	0.4682306385040297	0.011793263064282898	17	12
