	EffectiveMass	Error	RegUp	RegLow
0	0.4553751754760755	0.015286320660882547	17	12
