	EffectiveMass	Error	RegUp	RegLow
0	0.4744076061248792	0.02091313287087362	17	12
