	EffectiveMass	Error	RegUp	RegLow
0	0.43718016624450806	0.023822472472521596	17	12
