	EffectiveMass	Error	RegUp	RegLow
0	0.4563913154602063	0.015375859558479862	17	12
