	EffectiveMass	Error	RegUp	RegLow
0	0.4632566738128675	0.021334776556553362	17	12
