	EffectiveMass	Error	RegUp	RegLow
0	0.45739666938781864	0.02306623424186655	17	12
