	EffectiveMass	Error	RegUp	RegLow
0	0.46917379379272584	0.020449617308087687	17	12
