	EffectiveMass	Error	RegUp	RegLow
0	0.48246994018554823	0.01028246449776161	17	12
