	EffectiveMass	Error	RegUp	RegLow
0	0.46539285659790164	0.012470813673096279	17	12
