	EffectiveMass	Error	RegUp	RegLow
0	0.45557090759277474	0.023322430046073237	17	12
