	EffectiveMass	Error	RegUp	RegLow
0	0.4834700775146499	0.010313979531895352	17	12
