	EffectiveMass	Error	RegUp	RegLow
0	0.4837600612640396	0.010776442040673583	17	12
