	EffectiveMass	Error	RegUp	RegLow
0	0.4679329586029065	0.011740791981983249	17	12
