Ensemble,FF,chi2,dof,pvalue,c0,c0_err,c1,c1_err,c2,c2_err,c3,c3_err,phys_central_nsq0,phys_err_nsq0,phys_central_nsq1,phys_err_nsq1,phys_central_nsq2,phys_err_nsq2,phys_central_nsq4,phys_err_nsq4,phys_central_nsq5,phys_err_nsq5
M3,A1,0.8317432213496738,6,0.9911954042263261,0.37903086862668395,0.02289526881051554,0.07315914382429584,0.026279649980822967,-0.04599037030505827,0.01075581734462455,0.031127320577978262,0.010758774230440625,0.443708549195317,0.010126909950134445,0.43374851953327764,0.011348073953122434,0.42777785527753,0.013803875372158804,0.42396913647394696,0.02167566328250001,0.4273745380638435,0.027307812157511147
