	EffectiveMass	Error	RegUp	RegLow
0	0.17821089744567897	0.0033901126691910925	17	12
