	EffectiveMass	Error	RegUp	RegLow
0	0.1966887474060062	0.0030128039651809084	17	12
