	EffectiveMass	Error	RegUp	RegLow
0	0.15003548622131363	0.007231944529711332	17	12
