	EffectiveMass	Error	RegUp	RegLow
0	0.26994211196899476	0.0074896850976024654	16	12
