	EffectiveMass	Error	RegUp	RegLow
0	0.14894838333129906	0.0073515143586712845	17	12
