	EffectiveMass	Error	RegUp	RegLow
0	0.190684852600098	0.0029801204820233346	17	12
