	EffectiveMass	Error	RegUp	RegLow
0	0.17721841812133812	0.003325144302298619	17	12
