	EffectiveMass	Error	RegUp	RegLow
0	0.16608234405517602	0.004417004669637278	17	12
