	EffectiveMass	Error	RegUp	RegLow
0	0.1901908874511722	0.0028644606279900854	17	12
