	EffectiveMass	Error	RegUp	RegLow
0	0.1731623935699465	0.007709418467363925	17	12
