	EffectiveMass	Error	RegUp	RegLow
0	0.23736999511718798	0.013187452262493283	16	12
