	EffectiveMass	Error	RegUp	RegLow
0	0.1669261455535891	0.004331542677691213	17	12
