	EffectiveMass	Error	RegUp	RegLow
0	0.1751749706268313	0.0047066231568466226	17	12
