	EffectiveMass	Error	RegUp	RegLow
0	0.18513967514038118	0.003589400698726066	17	12
