	EffectiveMass	Error	RegUp	RegLow
0	0.17386024475097683	0.007931396598368121	17	12
