	EffectiveMass	Error	RegUp	RegLow
0	0.16016162872314477	0.007817915408334843	17	12
