	EffectiveMass	Error	RegUp	RegLow
0	0.18389773368835477	0.008287568259309302	17	12
