	EffectiveMass	Error	RegUp	RegLow
0	0.27685434341430726	0.0772001549213896	16	12
