	EffectiveMass	Error	RegUp	RegLow
0	0.2966856384277351	0.01668856085415233	25	18
