	EffectiveMass	Error	RegUp	RegLow
0	0.30776074409484944	0.015981210948390098	25	18
