	EffectiveMass	Error	RegUp	RegLow
0	0.3287213230133066	0.004663448707153641	27	20
