	EffectiveMass	Error	RegUp	RegLow
0	0.3235530567169198	0.0044891639306178545	27	20
