	EffectiveMass	Error	RegUp	RegLow
0	0.3109021759033211	0.005574730225010915	27	20
