	EffectiveMass	Error	RegUp	RegLow
0	0.3073769664764411	0.005580589226902029	27	20
