	EffectiveMass	Error	RegUp	RegLow
0	0.309230098724366	0.008171324144608208	27	20
