	EffectiveMass	Error	RegUp	RegLow
0	0.3059038925170905	0.012954751984884131	25	18
