	EffectiveMass	Error	RegUp	RegLow
0	0.3007956409454352	0.007831629085352737	27	20
