	EffectiveMass	Error	RegUp	RegLow
0	0.32579174995422444	0.011496492336816946	25	18
