	EffectiveMass	Error	RegUp	RegLow
0	0.2980472183227546	0.007852857656355593	27	20
