	EffectiveMass	Error	RegUp	RegLow
0	0.29462240219116276	0.007720123615895964	27	20
