	EffectiveMass	Error	RegUp	RegLow
0	0.31540460586547925	0.012075968269071553	25	18
