	EffectiveMass	Error	RegUp	RegLow
0	0.2895562744140632	0.007643819963931389	27	20
