	EffectiveMass	Error	RegUp	RegLow
0	0.3133494663238533	0.004699000066746555	27	20
