	EffectiveMass	Error	RegUp	RegLow
0	0.316088705062867	0.005002847505699901	27	20
