	EffectiveMass	Error	RegUp	RegLow
0	0.3051362037658698	0.008062010465068131	27	20
