	EffectiveMass	Error	RegUp	RegLow
0	0.3196667003631599	0.004975367560742998	27	20
