	EffectiveMass	Error	RegUp	RegLow
0	0.3250406646728524	0.004699339407662917	27	20
