	EffectiveMass	Error	RegUp	RegLow
0	0.3034708881378181	0.005288992578061685	27	20
