{
  "ensemble": "M2",
  "cmass": "0.280",
  "FF": "A0",
  "use_disp": true,
  "frozen": true,
  "reg_low": 5,
  "reg_up": 16,
  "chi2": 35.314525907602224,
  "ndof": 40,
  "chi2/dof": 0.8828631476900556,
  "pvalue": 0.680984813353951,
  "T": 26.0,
  "mDs_gs": {
    "1": 0.8540444595931175,
    "2": 0.8736140557704508,
    "3": 0.8926451726023438,
    "4": 0.9105193681699534,
    "5": 0.9287800379025616
  },
  "mDs_es": {
    "1": 1.155753434906069,
    "2": 1.1424208127282491,
    "3": 1.1513921431905545,
    "4": 1.163357207134863,
    "5": 1.1749706670018136
  },
  "mBs_gs": 2.253303062434434,
  "mBs_es": 2.6453115545045063,
  "Z0_Ds": {
    "1": 5.338921513983915e-10,
    "2": 4.695029325831362e-10,
    "3": 4.1699179731118116e-10,
    "4": 3.729070493011854e-10,
    "5": 3.3654560369047456e-10
  },
  "Z1_Ds": {
    "1": 4.252782362319612e-10,
    "2": 4.811378827316522e-10,
    "3": 5.087551943382932e-10,
    "4": 5.320603099077731e-10,
    "5": 5.291993056649026e-10
  },
  "Z0_Bs": 0.16290001535430165,
  "Z1_Bs": 0.43249433740115756
}