	EffectiveMass	Error	RegUp	RegLow
0	2.2545480728149503	0.0015658590369025717	25	12
