	EffectiveMass	Error	RegUp	RegLow
0	2.254128026962289	0.0011616485308706165	26	12
