	EffectiveMass	Error	RegUp	RegLow
0	2.2579577159881676	0.002846484678882422	26	19
