	EffectiveMass	Error	RegUp	RegLow
0	2.254219322204599	0.0011653487371807336	25	12
