	Amplitude	Mass	Error	RegUp	RegLow
0	4.940395610304921e-11	0.8360069456457571	0.001600621869544017	26	19
