	pval	chisq
0	0.9081893962538997	2.737362862764657
