	Amplitude	Mass	Error	RegUp	RegLow
0	4.3326943381430345e-11	0.8573862346789046	0.0018868917407963946	26	19
