	pval	chisq
0	0.6867704707309064	4.780162335992183
