	Amplitude	Mass	Error	RegUp	RegLow
0	3.859769496134612e-11	0.9512141442351205	0.0024127683108822	26	19
