	pval	chisq
0	0.8973318964083314	2.8635450887265645
