	Amplitude	Mass	Error	RegUp	RegLow
0	-2.679830988145583e-26	1.0195689544940472	28.872657362202368	26	19
