	Amplitude	Mass	Error	RegUp	RegLow
0	2.7537684608943183e-11	0.9355661543959822	0.005869088648081013	26	19
