	pval	chisq
0	0.7718424563125519	4.06860470240202
