	Amplitude	Mass	Error	RegUp	RegLow
0	4.4076600771052524e-11	0.9329211969802286	0.0019198917434079497	26	19
