	Amplitude	Mass	Error	RegUp	RegLow
0	3.809360980047735e-11	0.8777005884949379	0.0024096671796930633	26	19
