	Amplitude	Mass	Error	RegUp	RegLow
0	3.208209063837899e-11	0.9889411169238964	0.00447964348594672	26	19
