	pval	chisq
0	0.7627408885932034	4.146640702087303
