	Amplitude	Mass	Error	RegUp	RegLow
0	3.394654718685905e-11	0.9687819795292508	0.0031823895925331375	26	19
