	pval	chisq
0	0.7983468858308438	3.8370173795261433
