	Amplitude	Mass	Error	RegUp	RegLow
0	2.771399769098458e-11	1.0040049941922229	0.005469478311590409	26	19
