	Amplitude	Mass	Error	RegUp	RegLow
0	5.0494226052220056e-11	0.9137844274826988	0.0016198257451921438	26	19
