	pval	chisq
0	0.8232633680468582	3.6116378890753285
