	pval	chisq
0	0.8576249068094061	3.283220097747925
