	pval	chisq
0	0.6245056626863911	5.290935315012717
