	pval	chisq
0	0.9070891605426693	2.750441925495113
