	pval	chisq
0	0.6505946805841094	5.076772743627112
