	pval	chisq
0	0.8848249343223491	3.0019159463230674
