	Amplitude	Mass	Error	RegUp	RegLow
0	3.218320238097129e-11	0.9195895685891373	0.004762651986778714	26	19
