	Amplitude	Mass	Error	RegUp	RegLow
0	3.361040510754479e-11	0.8970897334451203	0.003268761850426658	26	19
