	EffectiveMass	Error	RegUp	RegLow
0	1.0061882781982452	0.0019861647575903597	26	12
