	EffectiveMass	Error	RegUp	RegLow
0	0.9886104488372836	0.001731033408255587	25	12
