	EffectiveMass	Error	RegUp	RegLow
0	1.0079737281799352	0.002831078285491359	25	12
