	EffectiveMass	Error	RegUp	RegLow
0	0.9387176418304475	0.0020533343753293657	25	12
