	EffectiveMass	Error	RegUp	RegLow
0	0.9526756477355989	0.001645925968190172	25	12
