	EffectiveMass	Error	RegUp	RegLow
0	0.857147169113162	0.0018631373170839482	26	19
