	EffectiveMass	Error	RegUp	RegLow
0	0.9326278686523466	0.0018772687073523447	26	19
