	EffectiveMass	Error	RegUp	RegLow
0	0.8999489021301297	0.0019583752874787652	25	12
