	EffectiveMass	Error	RegUp	RegLow
0	0.9477338027954132	0.0014089362777296225	25	12
