	EffectiveMass	Error	RegUp	RegLow
0	0.8358085823059109	0.001571988791186509	26	19
