	EffectiveMass	Error	RegUp	RegLow
0	0.9141814041137726	0.0009652183625109023	26	12
