	EffectiveMass	Error	RegUp	RegLow
0	0.9334781551361115	0.0010661185154430851	26	12
