	EffectiveMass	Error	RegUp	RegLow
0	0.9142694854736357	0.0009690496020810497	25	12
