	EffectiveMass	Error	RegUp	RegLow
0	0.8792235469818144	0.0012024562492366107	25	12
