	EffectiveMass	Error	RegUp	RegLow
0	1.0031419944763216	0.005500588982801301	26	19
