	EffectiveMass	Error	RegUp	RegLow
0	1.0062495994567904	0.0019881721499359272	25	12
