	EffectiveMass	Error	RegUp	RegLow
0	0.9199682140350369	0.002472326005437986	25	12
