	EffectiveMass	Error	RegUp	RegLow
0	0.8791397380828887	0.0012008385407534746	26	12
