	EffectiveMass	Error	RegUp	RegLow
0	0.9662382602691681	0.0017432623649030513	25	12
