	EffectiveMass	Error	RegUp	RegLow
0	0.8773557853698761	0.0023568270338989897	26	19
