	EffectiveMass	Error	RegUp	RegLow
0	0.9386601352691681	0.0020511103046130783	26	12
