	EffectiveMass	Error	RegUp	RegLow
0	0.9883459949493438	0.004403219667523177	26	19
