	EffectiveMass	Error	RegUp	RegLow
0	0.9194610786438016	0.001780445741056523	26	12
