	EffectiveMass	Error	RegUp	RegLow
0	0.9194629764556914	0.001780443175720549	25	12
