	EffectiveMass	Error	RegUp	RegLow
0	0.9135513973236113	0.0016063088082589089	26	19
