	EffectiveMass	Error	RegUp	RegLow
0	0.9344904613494902	0.005961280802261262	26	19
