	EffectiveMass	Error	RegUp	RegLow
0	0.9508299732208283	0.002337603670286264	26	19
