	EffectiveMass	Error	RegUp	RegLow
0	0.9400689506530793	0.002929531112904924	25	12
