	EffectiveMass	Error	RegUp	RegLow
0	0.9714347267150911	0.0019409512990542317	25	12
