	EffectiveMass	Error	RegUp	RegLow
0	0.9142888259887725	0.001294468855980013	25	12
