	EffectiveMass	Error	RegUp	RegLow
0	0.9707272338867221	0.001408108390978209	25	12
