	EffectiveMass	Error	RegUp	RegLow
0	0.9522350311279328	0.0012061592914560137	26	12
