	EffectiveMass	Error	RegUp	RegLow
0	0.8995819091796905	0.0014168155503729869	25	12
