	EffectiveMass	Error	RegUp	RegLow
0	0.879261770248416	0.0016383982855050806	25	12
