	EffectiveMass	Error	RegUp	RegLow
0	0.8583473205566433	0.001054780268102202	25	12
