	EffectiveMass	Error	RegUp	RegLow
0	0.9189630985260038	0.0047915926366865905	26	19
