	EffectiveMass	Error	RegUp	RegLow
0	0.9093196201324494	0.0010625270689470852	25	12
