	EffectiveMass	Error	RegUp	RegLow
0	0.8582793235778836	0.0014182249197635453	25	12
