	EffectiveMass	Error	RegUp	RegLow
0	0.933569688797	0.001067909618587481	25	12
