	EffectiveMass	Error	RegUp	RegLow
0	0.9287299823761017	0.0012048059564999402	25	12
