	EffectiveMass	Error	RegUp	RegLow
0	0.9843877410888706	0.002004871574565366	25	12
