	EffectiveMass	Error	RegUp	RegLow
0	0.8367282962799101	0.0009504783639575149	25	12
