	EffectiveMass	Error	RegUp	RegLow
0	0.8995091533660915	0.0014146453394963503	26	12
