	EffectiveMass	Error	RegUp	RegLow
0	0.9706473922729524	0.001406008301100449	26	12
