	EffectiveMass	Error	RegUp	RegLow
0	0.9336575317382843	0.0014399307181640099	25	12
