	EffectiveMass	Error	RegUp	RegLow
0	0.8966497707366974	0.0031874165985515735	26	19
