	EffectiveMass	Error	RegUp	RegLow
0	0.8582778644561795	0.001053586143120823	26	12
