	EffectiveMass	Error	RegUp	RegLow
0	0.9894773006439241	0.002406936827333583	25	12
