	EffectiveMass	Error	RegUp	RegLow
0	0.8366726303100616	0.001265120591797657	25	12
