	EffectiveMass	Error	RegUp	RegLow
0	0.836661205291751	0.0009476364677958427	26	12
