	EffectiveMass	Error	RegUp	RegLow
0	0.8893112659454376	0.0009621272262843963	25	12
