	EffectiveMass	Error	RegUp	RegLow
0	0.9523296260833771	0.0012080385396638189	25	12
