	EffectiveMass	Error	RegUp	RegLow
0	0.9885949707031281	0.001730965476233731	26	12
