	EffectiveMass	Error	RegUp	RegLow
0	0.9682573699951202	0.0030960325563208417	26	19
