	chi2	dof	p-val
0	48.60698024569798	36	0.07816600826139952
