	pval	chisq
0	0.44951687395825457	12.977942920092607
