	pval	chisq
0	0.49035840978111633	12.459670205931427
