	chi2	dof	p-val
0	48.226126393233564	36	0.0836939552481557
