	chi2	dof	p-val
0	45.90723790978293	36	0.12466956135261786
