	chi2	dof	p-val
0	46.6440747840654	36	0.11020781977275984
