	chi2	dof	p-val
0	48.02679095339727	36	0.08671380247517879
