	pval	chisq
0	0.5683290994902257	11.50813100519045
