	chi2	dof	p-val
0	28.0885866510202	28	0.4597604730802993
