	chi2	dof	p-val
0	46.146202308095695	36	0.11982416504015059
