	chi2	dof	p-val
0	48.067529155700555	36	0.08608943986311324
