	chi2	dof	p-val
0	47.193876799006986	36	0.10031641296239324
