	chi2	dof	p-val
0	39.05503397925297	34	0.25301670276533983
