	pval	chisq
0	0.5806869319341753	11.36000021077139
