	pval	chisq
0	0.5464673305587461	11.771460662698674
