	pval	chisq
0	0.7424558682913882	9.395559219060049
