	pval	chisq
0	0.6686099915861172	10.30757715153492
