	pval	chisq
0	0.9008746022119242	7.0246919260381135
