	pval	chisq
0	0.14588922068497456	18.315896080482382
