	chi2	dof	p-val
0	47.00756878393423	36	0.10358460189326668
