	pval	chisq
0	0.22519445373071223	16.459698401466458
