	pval	chisq
0	0.8429010456300785	8.010722136450664
