	A0_old	DeltaA0_old	A1_old	DeltaA1_old	A0_new	DeltaA0_new	A1_new	DeltaA1_new	Mass0	DeltaM0	Mass1	DeltaM1	DeltaM	DeltaDm	RegUp	RegLow
0	4.2570892358051984e-11	3.638045309067383e-13	2.0037219069452243e-11	1.559390489823148e-12	1.635229788418692e-19	1.3479243838505969e-21	8.419261447425131e-20	7.537691943279336e-21	0.9319790718772043	0.000866157853101375	1.2657124117503489	0.025125389713853585	0.33373333987314463	0.02483865556913646	26	5
