	chi2	dof	p-val
0	48.53157042092018	36	0.07923576378495012
