	chi2	dof	p-val
0	48.7456788179001	36	0.07622984804153721
