	pval	chisq
0	0.8152469373813052	8.419373478260058
