	pval	chisq
0	0.15160056567177138	18.158308524176913
