	pval	chisq
0	0.6357217941336215	5.198760944620253
