	pval	chisq
0	0.6506937679286879	5.075960594202688
