	pval	chisq
0	0.8136752648469642	3.6994083102743147
