	pval	chisq
0	0.6165554486007834	5.356407863148985
