	pval	chisq
0	0.6390581501074556	5.171377258360034
