	pval	chisq
0	0.7930291576165212	3.884071575762657
