	pval	chisq
0	0.8321973404303142	3.528502811693655
