	pval	chisq
0	0.7957776651192121	3.8597920762159967
