	pval	chisq
0	0.7930291576165213	3.8840715757626567
