	pval	chisq
0	0.703936414236007	4.638873797649874
