	pval	chisq
0	0.7039364142360067	4.638873797649875
