	pval	chisq
0	0.7080380066046273	4.605011470838564
