	pval	chisq
0	0.8321973404303145	3.528502811693654
