	pval	chisq
0	0.6286703429163745	5.25668639745177
