	pval	chisq
0	0.616555448600783	5.356407863148986
