	pval	chisq
0	0.6204113301816335	5.324637160721801
