	pval	chisq
0	0.7442050360636367	4.3037224090375865
