	pval	chisq
0	0.8136752648469643	3.699408310274314
