	pval	chisq
0	0.7080380066046275	4.605011470838563
