	pval	chisq
0	0.6357217941336216	5.198760944620252
