	pval	chisq
0	0.6286703429163742	5.256686397451771
