	pval	chisq
0	0.6506937679286882	5.075960594202687
