	EffectiveMass	Error	RegUp	RegLow
0	0.689709692001345	0.02074921959350536	16	12
