	EffectiveMass	Error	RegUp	RegLow
0	0.4051073646545421	0.01998635608717756	17	12
