	EffectiveMass	Error	RegUp	RegLow
0	0.5132595539093032	0.008747797839781546	17	12
