	EffectiveMass	Error	RegUp	RegLow
0	0.6509930229187033	0.026036222366949573	16	12
