	EffectiveMass	Error	RegUp	RegLow
0	0.40964183807373156	0.02139844383880913	17	12
