	EffectiveMass	Error	RegUp	RegLow
0	0.3927140808105479	0.024268207409994993	17	12
