	EffectiveMass	Error	RegUp	RegLow
0	0.4487559413909925	0.014711247572635281	17	12
