	EffectiveMass	Error	RegUp	RegLow
0	0.5151486015319837	0.009405042204811734	17	12
