	EffectiveMass	Error	RegUp	RegLow
0	0.4830581188201919	0.010957569657036374	17	12
