	EffectiveMass	Error	RegUp	RegLow
0	0.47637089729309223	0.014662396249647859	17	12
