	EffectiveMass	Error	RegUp	RegLow
0	0.5050091266632095	0.010682618366905029	17	12
