	EffectiveMass	Error	RegUp	RegLow
0	0.4464548397064222	0.013638900650995949	17	12
