	EffectiveMass	Error	RegUp	RegLow
0	0.44208592414856085	0.02184460417414149	17	12
