	EffectiveMass	Error	RegUp	RegLow
0	0.5340169811248794	0.00903548773179426	17	12
