	EffectiveMass	Error	RegUp	RegLow
0	0.35645819664001566	0.022185666854819607	17	12
