	EffectiveMass	Error	RegUp	RegLow
0	0.357902135849	0.022793972913865247	17	12
