	EffectiveMass	Error	RegUp	RegLow
0	0.4794844245910659	0.009961506704656906	17	12
