	EffectiveMass	Error	RegUp	RegLow
0	0.77552429199219	0.019543059435496852	25	18
