	EffectiveMass	Error	RegUp	RegLow
0	0.7287011718750023	0.02469953049667586	25	18
