	EffectiveMass	Error	RegUp	RegLow
0	0.752935180664065	0.02249301896603235	25	18
