	EffectiveMass	Error	RegUp	RegLow
0	0.18935934066772497	0.00810547299064571	17	12
