	EffectiveMass	Error	RegUp	RegLow
0	0.19426516532897986	0.00300135387712475	17	12
