	EffectiveMass	Error	RegUp	RegLow
0	0.2004381847381595	0.003185975765228766	17	12
