	EffectiveMass	Error	RegUp	RegLow
0	0.1903119468688968	0.003790945642320956	17	12
