	EffectiveMass	Error	RegUp	RegLow
0	0.17972896575927763	0.007607918559071129	17	12
