	EffectiveMass	Error	RegUp	RegLow
0	0.18283617973327665	0.0034997664255445333	17	12
