	EffectiveMass	Error	RegUp	RegLow
0	0.1961019039154056	0.0037765809665669856	16	12
