	EffectiveMass	Error	RegUp	RegLow
0	0.17300364494323756	0.00442873965009777	17	12
