	EffectiveMass	Error	RegUp	RegLow
0	0.15764395713806167	0.007143930386351018	17	12
