	EffectiveMass	Error	RegUp	RegLow
0	0.19453943252563516	0.003102043890739702	17	12
