	EffectiveMass	Error	RegUp	RegLow
0	0.1676922702789309	0.007853660196827627	17	12
