	EffectiveMass	Error	RegUp	RegLow
0	0.18123085021972685	0.004894443253784685	17	12
