	EffectiveMass	Error	RegUp	RegLow
0	0.18335897445678742	0.003529464456535337	17	12
