	EffectiveMass	Error	RegUp	RegLow
0	0.15739244461059587	0.007447362767098291	17	12
