	EffectiveMass	Error	RegUp	RegLow
0	0.17259308815002466	0.004588932039422731	17	12
