	EffectiveMass	Error	RegUp	RegLow
0	0.179420614242554	0.007655006733340655	17	12
