	EffectiveMass	Error	RegUp	RegLow
0	0.3348626232147225	0.02645133906488264	22	18
