	EffectiveMass	Error	RegUp	RegLow
0	0.39927128791809197	0.006629537993266779	23	18
