	EffectiveMass	Error	RegUp	RegLow
0	0.3772289371490488	0.020195298073626255	23	18
