	EffectiveMass	Error	RegUp	RegLow
0	0.4209869480133068	0.005620739618163128	23	18
