	EffectiveMass	Error	RegUp	RegLow
0	0.3736293315887462	0.031102847344430244	24	19
