	EffectiveMass	Error	RegUp	RegLow
0	0.40678234100341903	0.01022047746454352	24	19
