	EffectiveMass	Error	RegUp	RegLow
0	0.3724416828155528	0.02100344318744655	22	18
