	EffectiveMass	Error	RegUp	RegLow
0	0.3985749340057384	0.00972325495615633	23	18
