	EffectiveMass	Error	RegUp	RegLow
0	0.38174106597900487	0.008680038652724315	23	18
