	EffectiveMass	Error	RegUp	RegLow
0	0.3954420375823985	0.007027248239482976	23	18
