	EffectiveMass	Error	RegUp	RegLow
0	0.37983664512634385	0.013862859614073478	24	19
