	EffectiveMass	Error	RegUp	RegLow
0	0.41179100036621197	0.007014693166044044	23	18
