	EffectiveMass	Error	RegUp	RegLow
0	0.40967054367065536	0.008750577528747677	22	18
