	EffectiveMass	Error	RegUp	RegLow
0	0.39235278129577744	0.011002844596783218	22	18
