	EffectiveMass	Error	RegUp	RegLow
0	0.3480563449859627	0.01829986787338565	23	18
