	EffectiveMass	Error	RegUp	RegLow
0	0.3087110996246346	0.02351468427991801	23	18
