	EffectiveMass	Error	RegUp	RegLow
0	0.39200288772583114	0.011344709009213416	24	19
