	EffectiveMass	Error	RegUp	RegLow
0	0.3747774600982676	0.00877379525389536	23	18
