	EffectiveMass	Error	RegUp	RegLow
0	0.42484178543090934	0.007692013565627079	22	18
