	EffectiveMass	Error	RegUp	RegLow
0	0.34496419906616294	0.017274197556487795	23	18
