	EffectiveMass	Error	RegUp	RegLow
0	0.4135983943939221	0.006302916010676351	23	18
