	EffectiveMass	Error	RegUp	RegLow
0	0.3061940097808845	0.021329203618392013	23	18
