	EffectiveMass	Error	RegUp	RegLow
0	0.3360935974121102	0.025758932657470972	23	18
