	EffectiveMass	Error	RegUp	RegLow
0	0.3811749267578135	0.013430044989381603	16	13
