	EffectiveMass	Error	RegUp	RegLow
0	0.38908043861389263	0.016603538954795737	23	18
