	EffectiveMass	Error	RegUp	RegLow
0	0.4138389873504651	0.011410285386840467	16	12
