	EffectiveMass	Error	RegUp	RegLow
0	0.41387573242187614	0.011413709867040395	16	13
