	EffectiveMass	Error	RegUp	RegLow
0	0.3810824108123789	0.013408011843747914	16	12
