	EffectiveMass	Error	RegUp	RegLow
0	0.3614495849609385	0.021696568273733566	16	13
