	EffectiveMass	Error	RegUp	RegLow
0	0.37321829795837513	0.02928557543554434	23	18
