	EffectiveMass	Error	RegUp	RegLow
0	0.39780456542968856	0.012075991312787684	16	13
