	EffectiveMass	Error	RegUp	RegLow
0	0.3976973628997813	0.012056716889400462	16	12
