	EffectiveMass	Error	RegUp	RegLow
0	0.34934265136718845	0.020142237095081155	16	13
