	EffectiveMass	Error	RegUp	RegLow
0	0.34908096313476655	0.020096875481490983	16	12
