	EffectiveMass	Error	RegUp	RegLow
0	0.3807132434844981	0.03214922874465255	23	18
