	EffectiveMass	Error	RegUp	RegLow
0	0.4017350673675548	0.01386173433414982	23	18
