	EffectiveMass	Error	RegUp	RegLow
0	0.3612020301818858	0.02159889008651869	16	12
