	EffectiveMass	Error	RegUp	RegLow
0	0.4155181121826183	0.012581851172444898	23	18
