{
  "ensemble": "C1",
  "cmass": "0.350",
  "FF": "A0",
  "use_disp": true,
  "frozen": true,
  "reg_low": 6,
  "reg_up": 18,
  "chi2": 60.400175884959914,
  "ndof": 45,
  "chi2/dof": 1.342226130776887,
  "pvalue": 0.06219006069138511,
  "T": 20.0,
  "mDs_gs": {
    "1": 1.0670418536146342,
    "2": 1.0927192475549372,
    "3": 1.1186203279450644,
    "4": 1.139561707716499,
    "5": 1.1644615708703083
  },
  "mDs_es": {
    "1": 1.3606462158798964,
    "2": 1.3684310723515476,
    "3": 1.4063341533755591,
    "4": 1.4032400139051342,
    "5": 1.4411381734219757
  },
  "mBs_gs": 3.0069502709532503,
  "mBs_es": 3.5090274447825016,
  "Z0_Ds": {
    "1": 7.138194965013964e-07,
    "2": 6.182755796472744e-07,
    "3": 5.469769939886023e-07,
    "4": 4.778886224892117e-07,
    "5": 4.3146146374330406e-07
  },
  "Z1_Ds": {
    "1": 5.382087071718329e-07,
    "2": 6.007011450102684e-07,
    "3": 6.506319076353292e-07,
    "4": 6.521030117580173e-07,
    "5": 6.756501931078958e-07
  },
  "Z0_Bs": 0.21196617875546714,
  "Z1_Bs": 0.5907907498653349
}