Ensemble,FF,chi2,dof,pvalue,c0,c0_err,c1,c1_err,c2,c2_err,c3,c3_err,phys_central_nsq1,phys_err_nsq1,phys_central_nsq2,phys_err_nsq2,phys_central_nsq3,phys_err_nsq3,phys_central_nsq4,phys_err_nsq4,phys_central_nsq5,phys_err_nsq5
M2,A0,1.710227587695495,6,0.9443289516551663,0.1731185914885762,0.012212057422369195,0.11985831196026565,0.0151327136391391,-0.030660171425840238,0.00453273478861023,0.020015772680665105,0.004460886934322882,0.26873585239890097,0.007231769236883688,0.2590891150543255,0.007596374668792788,0.2500974362301538,0.00833938374381228,0.24160572398748104,0.009373781524148004,0.2338498310174827,0.010633784962876069
