Ensemble,FF,chi2,dof,pvalue,c0,c0_err,c1,c1_err,c2,c2_err,c3,c3_err,phys_central_nsq1,phys_err_nsq1,phys_central_nsq2,phys_err_nsq2,phys_central_nsq3,phys_err_nsq3,phys_central_nsq4,phys_err_nsq4,phys_central_nsq5,phys_err_nsq5
M2,V,5.677401118027264,6,0.46027981484817804,1.0845987375375326,0.05495082311769229,-0.4701179388374324,0.05583153968348147,-0.035745137487754,0.017842427460641293,0.025685721524064974,0.016639412688486215,0.6196714485129573,0.019672107924273576,0.5779294100046019,0.02074560423447785,0.5424692588686914,0.02274376619098235,0.5161984125124407,0.02554797240707946,0.4902595091828814,0.029868331461369815
