Ensemble,FF,chi2,dof,pvalue,c0,c0_err,c1,c1_err,c2,c2_err,c3,c3_err,phys_central_nsq0,phys_err_nsq0,phys_central_nsq1,phys_err_nsq1,phys_central_nsq2,phys_err_nsq2,phys_central_nsq4,phys_err_nsq4,phys_central_nsq5,phys_err_nsq5
M2,A1,7.248863609733304,6,0.298444472125899,0.3508929190140279,0.020965718048115787,0.050820080629453986,0.023414407515495422,-0.025905367531724552,0.006490855489208517,0.014869302144550045,0.006099093007633708,0.39582134175935296,0.01022523997849004,0.3884228955770684,0.01074355896877655,0.3828021733251714,0.011952321056574079,0.3749955488658483,0.016029021409298697,0.3736123632365531,0.019019022235508935
