FormFactor,Lambda_GeV,Delta_X_GeV,chi2,dof,chi2_dof,p_value,c0_norm,c0_norm_err,c1_Mpi2,c1_Mpi2_err,c2_E,c2_E_err,c3_E2,c3_E2_err,c4_a2,c4_a2_err
A0,1.000000,0.340000,28.061882,25,1.122475,0.305012,-3.796351,5.705937,0.067840,0.084264,5.341612,5.237810,-1.382644,1.198543,0.171547,0.180592
