FormFactor,Lambda_GeV,Delta_X_GeV,chi2,dof,chi2_dof,p_value,c0_norm,c0_norm_err,c1_Mpi2,c1_Mpi2_err,c2_E,c2_E_err,c3_E2,c3_E2_err,c4_a2,c4_a2_err
A1,1.000000,0.460000,39.395526,25,1.575821,0.033611,-6.495586,5.760816,0.178615,0.129667,8.320357,5.336601,-2.058500,1.230811,0.432552,0.299849
