FormFactor,Lambda_GeV,Delta_X_GeV,chi2,dof,chi2_dof,p_value,c0_norm,c0_norm_err,c1_Mpi2,c1_Mpi2_err,c2_E,c2_E_err,c3_E2,c3_E2_err,c4_a2,c4_a2_err
A1,1.000000,0.461740,39.395336,25,1.575813,0.033613,-6.497518,5.764925,0.178734,0.129754,8.324190,5.340400,-2.059594,1.231686,0.432845,0.300049
