FormFactor,Lambda_GeV,Delta_X_GeV,chi2,dof,chi2_dof,p_value,c0_norm,c0_norm_err,c1_Mpi2,c1_Mpi2_err,c2_E,c2_E_err,c3_E2,c3_E2_err,c4_a2,c4_a2_err
V,1.000000,0.050000,27.585669,25,1.103427,0.327276,-8.070283,10.866117,-0.004971,0.243425,11.239372,10.006104,-2.828415,2.292858,-0.716677,0.638585
