	EffectiveMass	Error	RegUp	RegLow
0	3.007165031433116	0.0013567037432273177	25	10
