	EffectiveMass	Error	RegUp	RegLow
0	3.007143592834483	0.001355251398441385	26	10
