	EffectiveMass	Error	RegUp	RegLow
0	3.0067018032074087	0.002346930537404904	26	14
