	Amplitude	Mass	Error	RegUp	RegLow
0	8.073166941294718e-08	1.014933155187065	0.001930169489489863	26	14
