	pval	chisq
0	0.7825309315884658	8.03319529023507
