	Amplitude	Mass	Error	RegUp	RegLow
0	9.497577863926218e-08	1.0486193374019195	0.00160565668522379	26	14
