	Amplitude	Mass	Error	RegUp	RegLow
0	6.0643222635036e-08	1.181211443011643	0.003368672556781026	26	14
