	pval	chisq
0	0.6804798623800941	9.26112510546703
