	pval	chisq
0	0.4443068046132844	12.017106100576965
