	Amplitude	Mass	Error	RegUp	RegLow
0	5.523785823427364e-08	1.0961027812887068	0.00600531405804724	26	14
