	Amplitude	Mass	Error	RegUp	RegLow
0	4.772552654364118e-08	1.2244474888957169	0.0065978486454444565	26	14
