	Amplitude	Mass	Error	RegUp	RegLow
0	8.152365037270168e-08	1.1345663314886072	0.0019320836547439054	26	14
