	Amplitude	Mass	Error	RegUp	RegLow
0	4.906599808725716e-08	1.174098947228537	0.006746594509087856	26	14
