	Amplitude	Mass	Error	RegUp	RegLow
0	5.3984659582317195e-08	1.2027564006706744	0.004745452428432825	26	14
