	Amplitude	Mass	Error	RegUp	RegLow
0	7.017046299336907e-08	1.0433707864026205	0.002589149395860557	26	14
