	Amplitude	Mass	Error	RegUp	RegLow
0	9.535063857406001e-08	1.1096329548931063	0.0016144804431016224	26	14
