	Amplitude	Mass	Error	RegUp	RegLow
0	8.1686750834786e-08	1.0759436568554452	0.0019215206649502825	26	14
