	pval	chisq
0	0.5778669575491071	10.434866799185183
