	pval	chisq
0	0.6564333704425209	9.537845954018477
