	pval	chisq
0	0.6347845789329438	9.785359182166319
