	Amplitude	Mass	Error	RegUp	RegLow
0	7.007062603974485e-08	1.1583339083429067	0.0024846822100528148	26	14
