	pval	chisq
0	0.32643018624739817	13.60811045242335
