	pval	chisq
0	0.6815484419370359	9.248766064008702
