	Amplitude	Mass	Error	RegUp	RegLow
0	7.057834466891063e-08	1.1018948080174547	0.002486752599206512	26	14
