	pval	chisq
0	0.6973805680116549	9.064862313523168
