	Amplitude	Mass	Error	RegUp	RegLow
0	6.129586511088046e-08	1.126673322586011	0.0035077640104186013	26	14
