	pval	chisq
0	0.9576770309509097	5.009019374955633
