	pval	chisq
0	0.7239032465758015	8.75260676301154
