	Amplitude	Mass	Error	RegUp	RegLow
0	1.0061549622681744e-31	1.0198174408498673	74.84683378858098	26	14
