	pval	chisq
0	0.6308868264319079	9.82982813657668
