	Amplitude	Mass	Error	RegUp	RegLow
0	9.325900279381756e-08	0.9848556222418612	0.0015543372196050677	26	14
