	Amplitude	Mass	Error	RegUp	RegLow
0	6.110332819428397e-08	1.0701790450305608	0.0037449811285522622	26	14
