	pval	chisq
0	0.9324723535737869	5.654844088551212
