	Amplitude	Mass	Error	RegUp	RegLow
0	5.004081505903645e-08	1.12256643327799	0.0076120996917493355	26	14
