	pval	chisq
0	0.9768583232366962	4.323856399859946
