	pval	chisq
0	0.362820367109731	13.086008230427254
