	pval	chisq
0	0.7135996530848894	8.874631460792768
