	Amplitude	Mass	Error	RegUp	RegLow
0	5.495138394270996e-08	1.1502679509776845	0.004987798047741496	26	14
