	pval	chisq
0	0.6538308744080121	9.567662914453459
