	pval	chisq
0	0.7617663752969474	8.293846087159913
