	EffectiveMass	Error	RegUp	RegLow
0	1.204369010925297	0.0023044652762872347	26	10
