	EffectiveMass	Error	RegUp	RegLow
0	1.0424645423889198	0.0015343426337025364	26	10
