	EffectiveMass	Error	RegUp	RegLow
0	1.1818978118896526	0.001828392032826667	26	10
