	EffectiveMass	Error	RegUp	RegLow
0	1.013489446640018	0.0012458546447554051	25	10
