	EffectiveMass	Error	RegUp	RegLow
0	1.1199399280548132	0.006822242163547052	26	14
