	EffectiveMass	Error	RegUp	RegLow
0	0.9845890235900909	0.0015744973962911392	26	14
