	EffectiveMass	Error	RegUp	RegLow
0	1.1750238895416303	0.002793737671465037	25	10
