	EffectiveMass	Error	RegUp	RegLow
0	1.1225368022918738	0.00297336659066434	25	10
