	EffectiveMass	Error	RegUp	RegLow
0	1.0471647834777862	0.001056136094527093	26	10
