	EffectiveMass	Error	RegUp	RegLow
0	1.0700925922393834	0.0019374242141366892	25	10
