	EffectiveMass	Error	RegUp	RegLow
0	0.9866534423828158	0.0025570991498083413	25	18
