	EffectiveMass	Error	RegUp	RegLow
0	1.1338334369659464	0.001250724863921422	26	10
