	EffectiveMass	Error	RegUp	RegLow
0	1.1093083095550578	0.0016403066016024914	26	14
