	EffectiveMass	Error	RegUp	RegLow
0	1.1012920093536416	0.0015059382547911934	25	10
