	EffectiveMass	Error	RegUp	RegLow
0	1.1083245277404825	0.0010800276602263585	25	10
