	EffectiveMass	Error	RegUp	RegLow
0	1.013551197052005	0.001244617646391959	26	10
