	EffectiveMass	Error	RegUp	RegLow
0	1.0954471588134802	0.0055419778380372264	26	14
