	EffectiveMass	Error	RegUp	RegLow
0	1.1342777442932168	0.00196949632197122	26	14
