	EffectiveMass	Error	RegUp	RegLow
0	1.1223585510253944	0.002968752186758158	26	10
