	EffectiveMass	Error	RegUp	RegLow
0	1.0747796440124548	0.0012436007826631113	25	10
