	EffectiveMass	Error	RegUp	RegLow
0	1.070164289474491	0.0019371201145835016	26	10
