	EffectiveMass	Error	RegUp	RegLow
0	1.125298271179203	0.0034710818474076436	26	14
