	EffectiveMass	Error	RegUp	RegLow
0	1.1014771461486852	0.002543734540694815	26	14
