	EffectiveMass	Error	RegUp	RegLow
0	1.171425504684452	0.006145910715837075	26	14
