	EffectiveMass	Error	RegUp	RegLow
0	1.0748609161376992	0.001241712122495602	26	10
