	EffectiveMass	Error	RegUp	RegLow
0	1.225773210525517	0.0026630457629158878	26	10
