	EffectiveMass	Error	RegUp	RegLow
0	1.0471368408203159	0.0010579313607345367	25	10
