	EffectiveMass	Error	RegUp	RegLow
0	1.0429997920990026	0.0026253071125090515	26	14
