	EffectiveMass	Error	RegUp	RegLow
0	1.158153486251835	0.0014953487015490774	25	10
