	EffectiveMass	Error	RegUp	RegLow
0	1.0483191204071078	0.001595825956283122	26	14
