	EffectiveMass	Error	RegUp	RegLow
0	1.0146899795532258	0.001952450956114504	26	14
