	EffectiveMass	Error	RegUp	RegLow
0	1.151476545333866	0.0023931587444208768	26	10
