	EffectiveMass	Error	RegUp	RegLow
0	1.0688978290557898	0.003681892333060976	26	14
