	EffectiveMass	Error	RegUp	RegLow
0	1.1796865558624312	0.003348187408011859	26	14
