	EffectiveMass	Error	RegUp	RegLow
0	1.1268812561035193	0.0018686915305634177	25	10
