	EffectiveMass	Error	RegUp	RegLow
0	1.042376451492313	0.0015352007002302785	25	10
