	EffectiveMass	Error	RegUp	RegLow
0	1.1083558273315468	0.0010773592157312536	26	10
