	EffectiveMass	Error	RegUp	RegLow
0	1.1014031791687047	0.0015049356714076857	26	10
