	EffectiveMass	Error	RegUp	RegLow
0	1.1818406963348431	0.0018285106644125439	25	10
