	EffectiveMass	Error	RegUp	RegLow
0	1.1578209877014198	0.0025127370695339733	26	14
