	EffectiveMass	Error	RegUp	RegLow
0	1.2215259456634564	0.005690366264993738	26	14
