	EffectiveMass	Error	RegUp	RegLow
0	1.0756794452667273	0.00194655998843904	26	14
