	EffectiveMass	Error	RegUp	RegLow
0	1.112205810546879	0.002718698311448637	25	18
