	EffectiveMass	Error	RegUp	RegLow
0	1.0970615386962925	0.0025272450267107747	26	10
