	EffectiveMass	Error	RegUp	RegLow
0	1.151590290069584	0.002394559174015213	25	10
