	EffectiveMass	Error	RegUp	RegLow
0	1.158297414779667	0.0014940399355400345	26	10
