	EffectiveMass	Error	RegUp	RegLow
0	1.0971235942840611	0.0025279779084845183	25	10
