	EffectiveMass	Error	RegUp	RegLow
0	1.1337246990203893	0.001253605973116731	25	10
