	EffectiveMass	Error	RegUp	RegLow
0	1.2045213699340862	0.002306217255510448	25	10
