	EffectiveMass	Error	RegUp	RegLow
0	1.0507977294921909	0.0026092464949512956	25	18
