	EffectiveMass	Error	RegUp	RegLow
0	1.1494628429412883	0.005043727888587326	26	14
