	EffectiveMass	Error	RegUp	RegLow
0	1.1746894836425823	0.002786144428573006	26	10
