	EffectiveMass	Error	RegUp	RegLow
0	1.126940793991093	0.001868527225862802	26	10
