	EffectiveMass	Error	RegUp	RegLow
0	1.2262487888336224	0.002672736282322021	25	10
