	EffectiveMass	Error	RegUp	RegLow
0	0.9832739257812533	0.0010456204930568663	25	10
