	EffectiveMass	Error	RegUp	RegLow
0	1.2017504596710247	0.004708303714062657	26	14
