	EffectiveMass	Error	RegUp	RegLow
0	0.9833031845092806	0.001044276008203982	26	10
