	chi2	dof	p-val
0	43.00117977096866	36	0.19643171665724446
