	chi2	dof	p-val
0	44.70561481639044	36	0.151393544778749
