	chi2	dof	p-val
0	43.86259974955409	36	0.17259331891141205
