	pval	chisq
0	0.6624429014721746	10.3819430021054
