	chi2	dof	p-val
0	43.17152985939912	36	0.1915403784230424
