	pval	chisq
0	0.6214687843219997	10.872847503305191
