	chi2	dof	p-val
0	46.246291859848114	36	0.11783940389447767
