	chi2	dof	p-val
0	36.11083446636775	36	0.46346888036838885
