	chi2	dof	p-val
0	45.41566826795012	36	0.1351191471218709
