	chi2	dof	p-val
0	46.62532606401878	36	0.11055842870468602
