	chi2	dof	p-val
0	43.57730371015425	36	0.18024188400337016
