	pval	chisq
0	0.734045495967266	9.502205874232715
