	pval	chisq
0	0.6866161887458923	10.089300028159718
