	chi2	dof	p-val
0	41.627198324807445	36	0.23911231042087666
