	pval	chisq
0	0.7113130909096501	9.786249701400331
