	pval	chisq
0	0.7066327228865096	9.844072211929475
