	pval	chisq
0	0.5901371739506286	11.246963414690319
