	chi2	dof	p-val
0	40.6999412081904	36	0.2711542873062498
