	pval	chisq
0	0.6870143000793363	10.084451671766704
