	pval	chisq
0	0.037766161311012736	23.340583204824885
