	pval	chisq
0	0.7163483155992918	9.723810466990635
