	chi2	dof	p-val
0	42.20004808450673	36	0.22061798084128903
