	pval	chisq
0	0.7474842292626859	9.331335567796048
