	chi2	dof	p-val
0	39.31371669663382	36	0.3237510796702898
