	chi2	dof	p-val
0	46.16790327039807	36	0.11939161020505917
