	chi2	dof	p-val
0	45.20050656882952	36	0.1399013045245
