	pval	chisq
0	0.7822903374617971	8.87536241819986
