	pval	chisq
0	0.7368012292683772	9.467364401457312
