	pval	chisq
0	0.6860103702339977	10.096675891369738
