	chi2	dof	p-val
0	36.99307988911878	36	0.4229046640578227
