	pval	chisq
0	0.7272640414371657	9.587545624995572
