	chi2	dof	p-val
0	36.07904904066377	36	0.46495238951584017
