	chi2	dof	p-val
0	38.88172249982525	36	0.34122774629519403
