	pval	chisq
0	0.719482944829747	9.684810828901018
