	chi2	dof	p-val
0	40.4284439820349	36	0.28102111672844887
