	pval	chisq
0	0.6180255095776697	10.913958716144402
