	pval	chisq
0	0.5981950509475688	11.150694107060925
