	pval	chisq
0	0.7152805073233868	9.737072722813553
