	pval	chisq
0	0.3094452250506974	13.864491650871692
