	pval	chisq
0	0.5073786242225444	11.252898793413216
