	pval	chisq
0	0.6355566756442455	9.776548001813133
