	pval	chisq
0	0.27880599159272357	14.351855158276813
