	pval	chisq
0	0.8774417158361614	6.689347003843399
