	pval	chisq
0	0.5677107485935886	10.551314901923636
