	pval	chisq
0	0.3800061577046856	12.850417373274304
