	pval	chisq
0	0.2788059915927237	14.35185515827681
