	pval	chisq
0	0.368033056976353	13.013874143814768
