	pval	chisq
0	0.38437887089553946	12.791458973704863
