	pval	chisq
0	0.5034713961183435	11.299137831052093
