	pval	chisq
0	0.7737972198817284	8.143763545266731
