	pval	chisq
0	0.4477061191208763	11.97479369897226
