	pval	chisq
0	0.8774417158361615	6.689347003843398
