	pval	chisq
0	0.36803305697635325	13.01387414381477
