	pval	chisq
0	0.49762570171927945	11.36854865510939
