	pval	chisq
0	0.567710748593589	10.551314901923632
