	pval	chisq
0	0.3708930010891909	12.974552936405098
