	pval	chisq
0	0.2339730316564983	15.138060267479485
