	pval	chisq
0	0.9495723773204348	5.237491082340532
