	pval	chisq
0	0.3341763527497279	13.494043371158014
