	pval	chisq
0	0.3708930010891911	12.9745529364051
