	pval	chisq
0	0.3094452250506976	13.864491650871694
