	pval	chisq
0	0.6350113995496685	9.782770791487836
