	pval	chisq
0	0.7737972198817284	8.14376354526673
