	pval	chisq
0	0.4976257017192791	11.368548655109393
