	pval	chisq
0	0.6167219589085731	9.991322551259179
