	pval	chisq
0	0.2339730316564982	15.138060267479489
