	EffectiveMass	Error	RegUp	RegLow
0	0.28747436523437564	0.005420245318050214	16	13
