	EffectiveMass	Error	RegUp	RegLow
0	0.22643873214721727	0.01676962349838469	16	12
