	EffectiveMass	Error	RegUp	RegLow
0	0.2421786689758306	0.013820345452262461	16	12
