	EffectiveMass	Error	RegUp	RegLow
0	0.2779827880859381	0.007028217708560807	16	13
