	EffectiveMass	Error	RegUp	RegLow
0	0.22643857002258344	0.016769589186969615	16	12
