	EffectiveMass	Error	RegUp	RegLow
0	0.24217870712280326	0.013820521191014155	16	12
