	EffectiveMass	Error	RegUp	RegLow
0	0.29520394325256416	0.004872886279458682	16	12
