	EffectiveMass	Error	RegUp	RegLow
0	0.27047512054443423	0.006789908504211311	16	12
