	EffectiveMass	Error	RegUp	RegLow
0	0.2952042961120612	0.004873039913962395	16	12
