	EffectiveMass	Error	RegUp	RegLow
0	0.25450561523437554	0.01508924789522899	16	13
