	EffectiveMass	Error	RegUp	RegLow
0	0.27047579765319885	0.0067899121272341776	16	12
