	EffectiveMass	Error	RegUp	RegLow
0	0.2990167236328132	0.004711901272607039	16	13
