	EffectiveMass	Error	RegUp	RegLow
0	0.24429565429687553	0.018627181006732118	16	13
