	EffectiveMass	Error	RegUp	RegLow
0	0.282624235153199	0.005443526735748679	16	12
