	EffectiveMass	Error	RegUp	RegLow
0	0.5206567382812515	0.3137073677287137	16	13
