	EffectiveMass	Error	RegUp	RegLow
0	0.5226914882659928	0.3130244411092167	16	12
