	EffectiveMass	Error	RegUp	RegLow
0	0.6187030029296895	0.12324754079085684	16	13
