	EffectiveMass	Error	RegUp	RegLow
0	0.5237933349609389	0.2864409285900597	16	13
