	EffectiveMass	Error	RegUp	RegLow
0	0.5227110385894791	0.2855366734309372	16	12
