	EffectiveMass	Error	RegUp	RegLow
0	0.6328900146484395	0.3009541738811538	16	13
