	EffectiveMass	Error	RegUp	RegLow
0	0.635373592376711	0.3004860149763024	16	12
