	EffectiveMass	Error	RegUp	RegLow
0	0.6168856143951436	0.1232127435288761	16	12
