	EffectiveMass	Error	RegUp	RegLow
0	0.7075592994689963	0.021524694632850398	27	20
