	EffectiveMass	Error	RegUp	RegLow
0	0.7557394218444846	0.019778819834206242	27	20
