	EffectiveMass	Error	RegUp	RegLow
0	0.794325618743899	0.013041464723184452	27	20
