	EffectiveMass	Error	RegUp	RegLow
0	0.7762221050262477	0.014534689394700859	27	20
