	EffectiveMass	Error	RegUp	RegLow
0	0.738154220581057	0.015520925997867021	27	20
