	EffectiveMass	Error	RegUp	RegLow
0	0.7489919090271018	0.016713783987738057	27	20
