	EffectiveMass	Error	RegUp	RegLow
0	0.7860110855102564	0.013157588337940864	27	20
