	EffectiveMass	Error	RegUp	RegLow
0	0.7605712795257593	0.013738485581521775	27	20
