	EffectiveMass	Error	RegUp	RegLow
0	0.7679144859313989	0.014658790676997867	27	20
