	EffectiveMass	Error	RegUp	RegLow
0	0.7648916053771997	0.033483780415828085	25	18
