	EffectiveMass	Error	RegUp	RegLow
0	0.7572353649139427	0.016584458373462892	27	20
