	EffectiveMass	Error	RegUp	RegLow
0	0.7854133224487332	0.0309736995672041	25	18
