	EffectiveMass	Error	RegUp	RegLow
0	0.7310563755035424	0.022423881016752148	27	20
