	EffectiveMass	Error	RegUp	RegLow
0	0.7391839218139671	0.04359452251380234	25	18
