	EffectiveMass	Error	RegUp	RegLow
0	0.7823240566253689	0.012613260912461649	27	20
