	EffectiveMass	Error	RegUp	RegLow
0	0.7197716426849388	0.046637495043439725	25	18
