	EffectiveMass	Error	RegUp	RegLow
0	0.7330866527557396	0.01897152252513505	27	20
