	EffectiveMass	Error	RegUp	RegLow
0	0.7230346775054954	0.02235405888812065	27	20
