	EffectiveMass	Error	RegUp	RegLow
0	0.7528595066070578	0.03728097633186379	25	18
