	EffectiveMass	Error	RegUp	RegLow
0	0.7462640762329125	0.0195367499528321	27	20
