	EffectiveMass	Error	RegUp	RegLow
0	0.46517059326172	0.005876307312820011	27	20
