	EffectiveMass	Error	RegUp	RegLow
0	0.472159986495973	0.006045296577000836	27	20
