	EffectiveMass	Error	RegUp	RegLow
0	0.4570543289184583	0.01755687813318268	25	18
