	EffectiveMass	Error	RegUp	RegLow
0	0.426712408065797	0.011110777074318241	27	20
