	EffectiveMass	Error	RegUp	RegLow
0	0.44986531257629525	0.009452751558888335	27	20
