	EffectiveMass	Error	RegUp	RegLow
0	0.4403667831420911	0.010923899722922946	27	20
