	EffectiveMass	Error	RegUp	RegLow
0	0.4143104457855237	0.02303790298856196	27	20
