	EffectiveMass	Error	RegUp	RegLow
0	0.43826351165771604	0.00943696756027023	27	20
