	EffectiveMass	Error	RegUp	RegLow
0	0.45421977043151995	0.006481049634629981	27	20
