	EffectiveMass	Error	RegUp	RegLow
0	0.47580584526062153	0.0057423082359299975	27	20
