	EffectiveMass	Error	RegUp	RegLow
0	0.4633763980865492	0.0067612741815787514	27	20
