	EffectiveMass	Error	RegUp	RegLow
0	0.437015953063966	0.024963396250483175	25	18
