	EffectiveMass	Error	RegUp	RegLow
0	0.48034117698669576	0.005611893289598751	27	20
