	EffectiveMass	Error	RegUp	RegLow
0	0.4681854438781752	0.01650016731960278	25	18
