	EffectiveMass	Error	RegUp	RegLow
0	0.4302873706817638	0.020909258699039632	27	20
