	EffectiveMass	Error	RegUp	RegLow
0	0.46468460083007945	0.016956694205883888	27	20
