	EffectiveMass	Error	RegUp	RegLow
0	0.4795717048645034	0.015711881731785133	25	18
