	EffectiveMass	Error	RegUp	RegLow
0	0.4779377937316909	0.014795321999892815	27	20
