	EffectiveMass	Error	RegUp	RegLow
0	0.2558668041229254	0.010646218171322757	17	12
