	EffectiveMass	Error	RegUp	RegLow
0	0.24274351119995163	0.009598978863626347	17	12
