	EffectiveMass	Error	RegUp	RegLow
0	0.22797886848449755	0.01172233330360852	17	12
