	EffectiveMass	Error	RegUp	RegLow
0	0.2965585899353034	0.003833183041746648	17	12
