	EffectiveMass	Error	RegUp	RegLow
0	0.27960392951965407	0.00430989814802795	17	12
