	EffectiveMass	Error	RegUp	RegLow
0	0.28961691856384353	0.0037786408804784755	17	12
