	EffectiveMass	Error	RegUp	RegLow
0	0.24190340042114306	0.010054698445936788	17	12
