	EffectiveMass	Error	RegUp	RegLow
0	0.2882063865661628	0.004580361756012752	17	12
