	EffectiveMass	Error	RegUp	RegLow
0	0.2791590595245368	0.004198383093460284	17	12
