	EffectiveMass	Error	RegUp	RegLow
0	0.2808971500396734	0.005960589858708331	17	12
