	EffectiveMass	Error	RegUp	RegLow
0	0.22791130065918014	0.012375629227109636	17	12
