	EffectiveMass	Error	RegUp	RegLow
0	0.24292914390564013	0.013051508815209467	17	12
