	EffectiveMass	Error	RegUp	RegLow
0	0.2697441482543951	0.005432434161247561	17	12
