	EffectiveMass	Error	RegUp	RegLow
0	0.27025172233581596	0.005409048958783811	17	12
