	EffectiveMass	Error	RegUp	RegLow
0	0.6899179267883322	0.018259688342712195	23	18
