	EffectiveMass	Error	RegUp	RegLow
0	0.6824165725708029	0.025492715030207367	23	18
