	EffectiveMass	Error	RegUp	RegLow
0	0.5900902080535906	0.03502219787662007	23	18
