	EffectiveMass	Error	RegUp	RegLow
0	0.6082216453552265	0.04114251688579237	23	18
