	EffectiveMass	Error	RegUp	RegLow
0	0.7055786705017113	0.015098928224261302	23	18
