	EffectiveMass	Error	RegUp	RegLow
0	0.6989151668548608	0.016248626780034588	23	18
