	EffectiveMass	Error	RegUp	RegLow
0	0.5921592140197773	0.04443406475682249	23	18
