	EffectiveMass	Error	RegUp	RegLow
0	0.6698489284515401	0.02794199987952153	23	18
