	EffectiveMass	Error	RegUp	RegLow
0	0.675229015350344	0.018650841196147024	23	18
