	EffectiveMass	Error	RegUp	RegLow
0	0.6187149238586445	0.03611620840143694	23	18
