	EffectiveMass	Error	RegUp	RegLow
0	0.6849680709838888	0.02074363866167367	23	18
