	EffectiveMass	Error	RegUp	RegLow
0	0.7052892303466819	0.017601359698733915	23	18
