	EffectiveMass	Error	RegUp	RegLow
0	0.6221441173553486	0.03845413201766167	23	18
