	EffectiveMass	Error	RegUp	RegLow
0	0.5724520969390887	0.04021002847420155	23	18
