	EffectiveMass	Error	RegUp	RegLow
0	0.6597330284118672	0.02533950264918884	23	18
