	EffectiveMass	Error	RegUp	RegLow
0	0.2379957580566411	0.01523251555997817	22	18
