	EffectiveMass	Error	RegUp	RegLow
0	0.25616837501525935	0.00835433212009186	23	18
