	EffectiveMass	Error	RegUp	RegLow
0	0.27258550643920965	0.006087184485520285	23	18
