	EffectiveMass	Error	RegUp	RegLow
0	0.24311962127685594	0.007499407205784435	23	18
