	EffectiveMass	Error	RegUp	RegLow
0	0.2691316032409674	0.006977890978957405	22	18
