	EffectiveMass	Error	RegUp	RegLow
0	0.2515735912323004	0.008941950655345586	22	18
