	EffectiveMass	Error	RegUp	RegLow
0	0.22242152214050337	0.013402282108321225	23	18
