	EffectiveMass	Error	RegUp	RegLow
0	0.2756395626068122	0.004696491052148265	23	18
