	EffectiveMass	Error	RegUp	RegLow
0	0.2735036087036139	0.005044825574846339	23	18
