	EffectiveMass	Error	RegUp	RegLow
0	0.24148000717163134	0.014744370409661676	23	18
