	EffectiveMass	Error	RegUp	RegLow
0	0.2645959281921393	0.015177307060581126	22	18
