	EffectiveMass	Error	RegUp	RegLow
0	0.26127084732055716	0.005464600970970969	23	18
