	EffectiveMass	Error	RegUp	RegLow
0	0.23783845901489303	0.007344530416361413	23	18
