	EffectiveMass	Error	RegUp	RegLow
0	0.2488827800750738	0.01316646028292787	23	18
