	EffectiveMass	Error	RegUp	RegLow
0	0.21930354118347212	0.012973440214659817	23	18
