	EffectiveMass	Error	RegUp	RegLow
0	0.24618679046630912	0.013539360601973513	23	18
