	EffectiveMass	Error	RegUp	RegLow
0	0.2838480567932137	0.004852030293979322	23	18
