	EffectiveMass	Error	RegUp	RegLow
0	0.26869280815124585	0.014560286025220888	23	18
