	EffectiveMass	Error	RegUp	RegLow
0	0.2571396541595464	0.005707538433263118	23	18
