	EffectiveMass	Error	RegUp	RegLow
0	0.2835688781738289	0.005964316218815669	22	18
