	EffectiveMass	Error	RegUp	RegLow
0	0.2826241111755379	0.00544354335558088	16	12
