	EffectiveMass	Error	RegUp	RegLow
0	0.26404156684875535	0.009492757930815658	22	18
