	EffectiveMass	Error	RegUp	RegLow
0	0.29335439682006914	0.0065579892768655975	22	18
