	EffectiveMass	Error	RegUp	RegLow
0	0.2763221836090094	0.015218485512219104	22	18
