	EffectiveMass	Error	RegUp	RegLow
0	0.2948252296447762	0.005295020194239054	23	18
