	EffectiveMass	Error	RegUp	RegLow
0	0.2699902534484869	0.006101090688018067	23	18
