	EffectiveMass	Error	RegUp	RegLow
0	0.2865860652923591	0.005064284681917615	23	18
