	EffectiveMass	Error	RegUp	RegLow
0	0.2851181697845466	0.006596300797946724	23	18
