	EffectiveMass	Error	RegUp	RegLow
0	0.2366474151611333	0.013676895215909217	23	18
