	EffectiveMass	Error	RegUp	RegLow
0	0.2555356979370122	0.015123796930320248	23	18
