	EffectiveMass	Error	RegUp	RegLow
0	0.257130270004273	0.00786596059625584	23	18
