	EffectiveMass	Error	RegUp	RegLow
0	0.25164661407470756	0.01562910343799129	22	18
