	EffectiveMass	Error	RegUp	RegLow
0	0.26162549018859915	0.013151246183819973	23	18
