	EffectiveMass	Error	RegUp	RegLow
0	0.25248703956604057	0.007689380578395276	23	18
