	EffectiveMass	Error	RegUp	RegLow
0	0.2614544582366949	0.013344986790215	23	18
