	EffectiveMass	Error	RegUp	RegLow
0	0.2845798110961921	0.005384526537359911	23	18
