	EffectiveMass	Error	RegUp	RegLow
0	0.2801625823974616	0.007599369662970975	22	18
