	EffectiveMass	Error	RegUp	RegLow
0	0.2736605548858648	0.005879482058273813	23	18
