	EffectiveMass	Error	RegUp	RegLow
0	0.280971002578736	0.014617400784782469	23	18
