	EffectiveMass	Error	RegUp	RegLow
0	0.2702736568450933	0.008832511079991263	23	18
