	EffectiveMass	Error	RegUp	RegLow
0	0.23669869422912648	0.013128042238467849	23	18
