	EffectiveMass	Error	RegUp	RegLow
0	0.1076904296875	0.0018926898195992916	25	18
