	EffectiveMass	Error	RegUp	RegLow
0	0.8037826919555691	0.03165475420169477	25	18
