	EffectiveMass	Error	RegUp	RegLow
0	0.09419006347656249	0.002986208107597647	25	18
