	EffectiveMass	Error	RegUp	RegLow
0	0.758002853393557	0.03772810077657977	25	18
