	EffectiveMass	Error	RegUp	RegLow
0	0.09980346679687502	0.002764093764955838	25	18
