	EffectiveMass	Error	RegUp	RegLow
0	0.7803049468994165	0.034281877373229006	25	18
