	EffectiveMass	Error	RegUp	RegLow
0	0.22692091941833542	0.012565956903338596	23	18
