	EffectiveMass	Error	RegUp	RegLow
0	0.27138316154480047	0.008212923780763465	23	18
