	EffectiveMass	Error	RegUp	RegLow
0	0.26384477615356505	0.0083091277555365	23	18
