	EffectiveMass	Error	RegUp	RegLow
0	0.2503418254852301	0.018049269482076736	24	19
