	EffectiveMass	Error	RegUp	RegLow
0	0.24802613258361872	0.009854922603405238	23	18
