	EffectiveMass	Error	RegUp	RegLow
0	0.2697881507873541	0.007865712249469333	23	18
