	EffectiveMass	Error	RegUp	RegLow
0	0.2576775836944586	0.009170021054829211	24	19
