	EffectiveMass	Error	RegUp	RegLow
0	0.27805624008178775	0.007447547798753919	23	18
