	EffectiveMass	Error	RegUp	RegLow
0	0.2443106174468999	0.014238958003996533	23	18
