	EffectiveMass	Error	RegUp	RegLow
0	0.2365393543243413	0.00931389330721866	23	18
