	EffectiveMass	Error	RegUp	RegLow
0	0.2535858440399177	0.008280410954326274	23	18
