	EffectiveMass	Error	RegUp	RegLow
0	0.2337137794494634	0.013637527248747991	23	18
