	EffectiveMass	Error	RegUp	RegLow
0	0.2385759639739995	0.010554535113200463	23	18
