	EffectiveMass	Error	RegUp	RegLow
0	0.27172545433044504	0.007868519200586137	24	19
