	EffectiveMass	Error	RegUp	RegLow
0	0.26080513954162643	0.015555038982787945	23	18
