	EffectiveMass	Error	RegUp	RegLow
0	0.2149654293060307	0.013392459908288783	23	18
