	EffectiveMass	Error	RegUp	RegLow
0	0.25645384788513237	0.009072548163336826	23	18
