	EffectiveMass	Error	RegUp	RegLow
0	0.25223335266113334	0.01685907172603995	23	18
