	EffectiveMass	Error	RegUp	RegLow
0	0.4091027832031262	0.030342889043735118	16	13
