	EffectiveMass	Error	RegUp	RegLow
0	0.35268439292907805	0.03147241228433622	16	12
