	EffectiveMass	Error	RegUp	RegLow
0	0.4650958251953138	0.014522544122106717	16	13
