	EffectiveMass	Error	RegUp	RegLow
0	0.4498901367187513	0.020564163177086977	16	13
