	EffectiveMass	Error	RegUp	RegLow
0	0.460219650268556	0.01413313523182522	16	12
