	EffectiveMass	Error	RegUp	RegLow
0	0.4368298912048353	0.019614763090010735	16	12
