	EffectiveMass	Error	RegUp	RegLow
0	0.48537715911865376	0.011487288387686556	16	12
