	EffectiveMass	Error	RegUp	RegLow
0	0.48601257324218894	0.011689001707031549	16	13
