	EffectiveMass	Error	RegUp	RegLow
0	0.37442749023437594	0.034592793340920955	16	13
