	EffectiveMass	Error	RegUp	RegLow
0	0.46761807441711556	0.006964562511736295	27	20
