	EffectiveMass	Error	RegUp	RegLow
0	0.4833758640289322	0.005821160843931298	27	20
