	EffectiveMass	Error	RegUp	RegLow
0	0.47870394706726216	0.005951534105636474	27	20
