	EffectiveMass	Error	RegUp	RegLow
0	0.46876032829284797	0.006087928658103883	27	20
