	EffectiveMass	Error	RegUp	RegLow
0	0.47087403297424446	0.006357384277325075	27	20
