	EffectiveMass	Error	RegUp	RegLow
0	0.4626088333129896	0.007039014230021794	27	20
