	EffectiveMass	Error	RegUp	RegLow
0	0.4499877929687513	0.009561045279243178	27	20
