	EffectiveMass	Error	RegUp	RegLow
0	0.45055448532104625	0.02276213316690267	25	18
