	EffectiveMass	Error	RegUp	RegLow
0	0.46149298667907845	0.017775017893684554	25	18
