	EffectiveMass	Error	RegUp	RegLow
0	0.44691181182861456	0.011078213183049081	27	20
