	EffectiveMass	Error	RegUp	RegLow
0	0.45855606079101696	0.0066813342448529284	27	20
