	EffectiveMass	Error	RegUp	RegLow
0	0.48209991455078266	0.01595995759468886	25	18
