	EffectiveMass	Error	RegUp	RegLow
0	0.47574764251709123	0.006252891223096762	27	20
