	EffectiveMass	Error	RegUp	RegLow
0	0.4419399833679213	0.010992006955728844	27	20
