	EffectiveMass	Error	RegUp	RegLow
0	0.43358087539672974	0.011266094199226187	27	20
