	EffectiveMass	Error	RegUp	RegLow
0	0.44335311889648565	0.024847448459178363	25	18
