	EffectiveMass	Error	RegUp	RegLow
0	0.47163743019104143	0.01674348845109079	25	18
