	EffectiveMass	Error	RegUp	RegLow
0	0.4555473041534437	0.009618490556060906	27	20
