	EffectiveMass	Error	RegUp	RegLow
0	0.44390018463134895	0.009603140817362727	27	20
