	EffectiveMass	Error	RegUp	RegLow
0	0.6443583106994648	0.0352549037082618	23	18
