	EffectiveMass	Error	RegUp	RegLow
0	0.5594699954986588	0.03925846677622484	23	18
