	EffectiveMass	Error	RegUp	RegLow
0	0.6139007282257098	0.04302034619892006	23	18
