	EffectiveMass	Error	RegUp	RegLow
0	0.6944652080535909	0.013837184493932462	23	18
