	EffectiveMass	Error	RegUp	RegLow
0	0.6904289436340354	0.01982031467378002	22	18
