	EffectiveMass	Error	RegUp	RegLow
0	0.6440206432342548	0.017021243640752668	23	18
