	EffectiveMass	Error	RegUp	RegLow
0	0.6872680473327657	0.014745821657804413	23	18
