	EffectiveMass	Error	RegUp	RegLow
0	0.668293170928957	0.04060118430359987	22	18
