	EffectiveMass	Error	RegUp	RegLow
0	0.655777072906496	0.01622352857263235	23	18
