	EffectiveMass	Error	RegUp	RegLow
0	0.6066910552978534	0.023038270404352378	23	18
