	EffectiveMass	Error	RegUp	RegLow
0	0.5868225669860856	0.03376374721448879	23	18
