	EffectiveMass	Error	RegUp	RegLow
0	0.7176809310913108	0.016131588912157435	22	18
