	EffectiveMass	Error	RegUp	RegLow
0	0.6322251415252707	0.04830255981329518	22	18
