	EffectiveMass	Error	RegUp	RegLow
0	0.6711006546020528	0.02740355084402577	22	18
