	EffectiveMass	Error	RegUp	RegLow
0	3.7471503019527095e-05	9.322128147837302e-07	24	19
