	EffectiveMass	Error	RegUp	RegLow
0	0.6831093502044698	0.017068392668717538	23	18
