	EffectiveMass	Error	RegUp	RegLow
0	0.7157992172241232	0.013536158445122968	23	18
