	EffectiveMass	Error	RegUp	RegLow
0	0.5946098804473894	0.031998821525503936	23	18
