	EffectiveMass	Error	RegUp	RegLow
0	0.6210083484649678	0.022573226585428242	23	18
