	EffectiveMass	Error	RegUp	RegLow
0	0.5490001010894792	0.038439800192707964	23	18
