	EffectiveMass	Error	RegUp	RegLow
0	0.6554875850677511	0.024122416603562617	23	18
