	EffectiveMass	Error	RegUp	RegLow
0	0.6583089447021503	0.014613470275828771	23	18
