	EffectiveMass	Error	RegUp	RegLow
0	0.6456728458404561	0.03764247291635092	22	18
