	EffectiveMass	Error	RegUp	RegLow
0	0.6307069873809834	0.03285480274787004	23	18
