	EffectiveMass	Error	RegUp	RegLow
0	0.5855165195465104	0.029928757331288487	23	18
