	EffectiveMass	Error	RegUp	RegLow
0	0.5857524013519304	0.03152650420156958	23	18
