	EffectiveMass	Error	RegUp	RegLow
0	0.6042979621887223	0.040081440426831344	23	18
