	EffectiveMass	Error	RegUp	RegLow
0	0.6856387805938742	0.016350484751381178	22	18
