	EffectiveMass	Error	RegUp	RegLow
0	0.594428424835207	0.022242506048370986	23	18
