	EffectiveMass	Error	RegUp	RegLow
0	0.6356594276428242	0.023525471974395668	23	18
