	EffectiveMass	Error	RegUp	RegLow
0	0.6495221424102802	0.026622510929499733	22	18
