	EffectiveMass	Error	RegUp	RegLow
0	0.6639159011840841	0.019878860189264477	22	18
