	EffectiveMass	Error	RegUp	RegLow
0	0.604891653060915	0.021989225777161142	23	18
