	EffectiveMass	Error	RegUp	RegLow
0	0.6570958137512226	0.01715293659188289	23	18
