	EffectiveMass	Error	RegUp	RegLow
0	0.5545972633361833	0.036185332215494054	23	18
