	EffectiveMass	Error	RegUp	RegLow
0	0.6324738693237326	0.016237261457813977	23	18
