	EffectiveMass	Error	RegUp	RegLow
0	0.6833635330200216	0.013744288705945344	23	18
