	EffectiveMass	Error	RegUp	RegLow
0	0.6237708187103292	0.016840420635110286	23	18
