	EffectiveMass	Error	RegUp	RegLow
0	0.6191486072540302	0.04489832894535215	22	18
