	EffectiveMass	Error	RegUp	RegLow
0	0.6640088748931905	0.013875604602093819	23	18
