	EffectiveMass	Error	RegUp	RegLow
0	0.5547242355346698	0.036658768948008465	23	18
