	EffectiveMass	Error	RegUp	RegLow
0	0.4166193389892589	0.007626628145102152	23	18
