	EffectiveMass	Error	RegUp	RegLow
0	0.43034102439880484	0.007539294306065774	23	18
