	EffectiveMass	Error	RegUp	RegLow
0	0.35406488418579185	0.0278201394489148	23	18
