	EffectiveMass	Error	RegUp	RegLow
0	0.42956831932067985	0.006293510513904713	23	18
