	EffectiveMass	Error	RegUp	RegLow
0	0.35787869453430265	0.02224073514109884	23	18
