	EffectiveMass	Error	RegUp	RegLow
0	0.41643149375915633	0.008562515486918923	23	18
