	EffectiveMass	Error	RegUp	RegLow
0	0.3618739986419687	0.021672349987504908	23	18
