	EffectiveMass	Error	RegUp	RegLow
0	0.40072691917419545	0.010753904615592872	23	18
