	EffectiveMass	Error	RegUp	RegLow
0	0.3394420909881599	0.021229823403554372	23	18
