	EffectiveMass	Error	RegUp	RegLow
0	0.3430422115325936	0.02675626109615647	23	18
