	EffectiveMass	Error	RegUp	RegLow
0	0.4033671092987072	0.010169957134745106	23	18
