	EffectiveMass	Error	RegUp	RegLow
0	0.33020993232727136	0.026609256777125227	23	18
