	EffectiveMass	Error	RegUp	RegLow
0	0.39307393074035757	0.00990601313095537	23	18
