	EffectiveMass	Error	RegUp	RegLow
0	0.4111915397644055	0.007933077667770723	23	18
