	EffectiveMass	Error	RegUp	RegLow
0	0.4412422752380384	0.013046088606982826	17	12
