	EffectiveMass	Error	RegUp	RegLow
0	0.46859864234924453	0.00971803851836899	17	12
