	EffectiveMass	Error	RegUp	RegLow
0	0.5154560375213637	0.008863734059859785	17	12
