	EffectiveMass	Error	RegUp	RegLow
0	0.4967943000793471	0.008534973186382442	17	12
