	EffectiveMass	Error	RegUp	RegLow
0	0.4049439907073986	0.019549892766715718	17	12
