	EffectiveMass	Error	RegUp	RegLow
0	0.4428634643554701	0.013877413846106983	17	12
