	EffectiveMass	Error	RegUp	RegLow
0	0.3911365699768077	0.022587763608261934	17	12
