	EffectiveMass	Error	RegUp	RegLow
0	0.35971034049987893	0.02089276511406243	17	12
