	EffectiveMass	Error	RegUp	RegLow
0	0.4912485980987562	0.010427664678004097	17	12
