	EffectiveMass	Error	RegUp	RegLow
0	0.6034045696258563	0.03299869250979099	16	12
