	EffectiveMass	Error	RegUp	RegLow
0	0.4037799167633068	0.018618364224702737	17	12
