	EffectiveMass	Error	RegUp	RegLow
0	0.46795554161071906	0.013989331931793789	17	12
