	EffectiveMass	Error	RegUp	RegLow
0	0.6088582897186297	0.03348344058333659	16	12
