	EffectiveMass	Error	RegUp	RegLow
0	0.4348562335968029	0.020186401143696447	17	12
