	EffectiveMass	Error	RegUp	RegLow
0	0.4709793567657483	0.010557132276884741	17	12
