	EffectiveMass	Error	RegUp	RegLow
0	0.3594127655029306	0.021027009312133714	17	12
