	EffectiveMass	Error	RegUp	RegLow
0	0.6662321758270284	0.022432762288016404	16	12
