	EffectiveMass	Error	RegUp	RegLow
0	0.4981417846679702	0.00911506134838796	17	12
