	EffectiveMass	Error	RegUp	RegLow
0	0.2770614337921149	0.011758166739350767	17	12
