	EffectiveMass	Error	RegUp	RegLow
0	0.27658004760742255	0.006547042741980229	17	12
