	EffectiveMass	Error	RegUp	RegLow
0	0.28280643463134836	0.005338886218206969	17	12
