	EffectiveMass	Error	RegUp	RegLow
0	0.29048543930053783	0.004621521771270326	17	12
