	EffectiveMass	Error	RegUp	RegLow
0	0.28282241821289134	0.005205524408986634	17	12
