	EffectiveMass	Error	RegUp	RegLow
0	0.27789030075073307	0.006559908816839829	17	12
