	EffectiveMass	Error	RegUp	RegLow
0	0.2861794090271004	0.014342024015369393	17	12
