	EffectiveMass	Error	RegUp	RegLow
0	0.28006296157836974	0.011848614977350543	17	12
