	EffectiveMass	Error	RegUp	RegLow
0	0.28274947166442943	0.005320782538131912	17	12
