	EffectiveMass	Error	RegUp	RegLow
0	0.2798180198669441	0.013549307249988858	17	12
