	EffectiveMass	Error	RegUp	RegLow
0	0.2919919967651374	0.004719687044706649	17	12
