	EffectiveMass	Error	RegUp	RegLow
0	0.27516372680664125	0.011164059276294706	17	12
