	EffectiveMass	Error	RegUp	RegLow
0	0.2876275539398201	0.014238284717429215	17	12
