	EffectiveMass	Error	RegUp	RegLow
0	0.27834471702575747	0.006715341124083892	17	12
