	EffectiveMass	Error	RegUp	RegLow
0	0.6217692947387714	0.040025099832368835	23	18
