	EffectiveMass	Error	RegUp	RegLow
0	0.5864532470703142	0.03839149785321458	23	18
