	EffectiveMass	Error	RegUp	RegLow
0	0.7034846591949486	0.026841228695032512	23	18
