	EffectiveMass	Error	RegUp	RegLow
0	0.5886965560913102	0.047954403184809695	23	18
