	EffectiveMass	Error	RegUp	RegLow
0	0.6885388469696068	0.02950575196788124	23	18
