	EffectiveMass	Error	RegUp	RegLow
0	0.6754847717285176	0.026465701563594946	23	18
