	EffectiveMass	Error	RegUp	RegLow
0	0.7073117637634299	0.021327864832792785	23	18
