	EffectiveMass	Error	RegUp	RegLow
0	0.7255413532257102	0.016456446681329197	23	18
