	EffectiveMass	Error	RegUp	RegLow
0	0.7355300903320336	0.015314905813576777	23	18
