	EffectiveMass	Error	RegUp	RegLow
0	0.6101706123352071	0.044816451089467135	23	18
