	EffectiveMass	Error	RegUp	RegLow
0	0.6267876815795919	0.04264409541705077	23	18
