	EffectiveMass	Error	RegUp	RegLow
0	0.7338822746276878	0.017980648416885146	23	18
