	EffectiveMass	Error	RegUp	RegLow
0	0.7141358280181909	0.018697321756361577	23	18
