	EffectiveMass	Error	RegUp	RegLow
0	0.6772499561309835	0.025353886910215544	24	19
