	EffectiveMass	Error	RegUp	RegLow
0	0.6949488735198996	0.01899744864046548	23	18
