	EffectiveMass	Error	RegUp	RegLow
0	0.5682957077026383	0.043345310158251785	23	18
