	EffectiveMass	Error	RegUp	RegLow
0	0.4965574932098402	0.008825605891364309	17	12
