	EffectiveMass	Error	RegUp	RegLow
0	0.352554588317872	0.031460833088547024	16	12
