	EffectiveMass	Error	RegUp	RegLow
0	0.36000657081604104	0.0200260853040629	17	12
