	EffectiveMass	Error	RegUp	RegLow
0	0.4437503433227552	0.009255918422058654	15	9
