	EffectiveMass	Error	RegUp	RegLow
0	0.4802597808837905	0.008954316599365032	17	12
