	EffectiveMass	Error	RegUp	RegLow
0	0.47623375892639297	0.01034170690534683	17	12
