	EffectiveMass	Error	RegUp	RegLow
0	0.4714557075500502	0.008605553002943786	15	9
