	EffectiveMass	Error	RegUp	RegLow
0	0.34935346603393647	0.01574456934471208	15	9
