	EffectiveMass	Error	RegUp	RegLow
0	0.4573836803436292	0.01361433899030644	17	12
