	EffectiveMass	Error	RegUp	RegLow
0	0.42558976173401	0.01906666642561349	17	12
