	EffectiveMass	Error	RegUp	RegLow
0	0.4560852241516127	0.009630166477522602	17	12
