	EffectiveMass	Error	RegUp	RegLow
0	0.4167107009887707	0.011284507362729436	15	9
