	EffectiveMass	Error	RegUp	RegLow
0	0.4796466636657729	0.008446797013587626	17	12
