	EffectiveMass	Error	RegUp	RegLow
0	0.3871461772918712	0.02145609138389568	17	12
