	EffectiveMass	Error	RegUp	RegLow
0	0.3975218009948741	0.018256410950375078	17	12
