	EffectiveMass	Error	RegUp	RegLow
0	0.38324434280395614	0.014897613334729531	15	9
