	EffectiveMass	Error	RegUp	RegLow
0	0.4569920349121106	0.010328640854388893	17	12
