	EffectiveMass	Error	RegUp	RegLow
0	0.43356819152832154	0.012715609846431308	17	12
