	EffectiveMass	Error	RegUp	RegLow
0	0.43385631561279414	0.013346561872876079	17	12
