	EffectiveMass	Error	RegUp	RegLow
0	0.3996523380279552	0.017692222864205822	17	12
