	EffectiveMass	Error	RegUp	RegLow
0	0.35761718750000093	0.019800132925104595	17	12
