	EffectiveMass	Error	RegUp	RegLow
0	3.004237957000743	0.0021387435478668684	26	14
