	EffectiveMass	Error	RegUp	RegLow
0	3.009638061523448	0.0019477819383262789	13	8
