	EffectiveMass	Error	RegUp	RegLow
0	3.0062738037109478	0.0012402316201218402	25	10
