	EffectiveMass	Error	RegUp	RegLow
0	3.006277952194224	0.0012401864610597636	26	10
