	EffectiveMass	Error	RegUp	RegLow
0	3.0062736034393414	0.0012402283403361801	25	10
