	pval	chisq
0	0.9110945078691952	6.097365339461223
