	pval	chisq
0	0.9769389661237989	4.320291948828004
