	Amplitude	Mass	Error	RegUp	RegLow
0	4.6024995662673796e-08	1.219467246955122	0.0051152619971831246	26	14
