	Amplitude	Mass	Error	RegUp	RegLow
0	7.731935962996222e-08	1.0674124013883808	0.001589431549295233	26	14
