	pval	chisq
0	0.7804275091880283	8.059957667528533
