	pval	chisq
0	0.41665351366361025	12.367257803136168
