	pval	chisq
0	0.9417943050910633	5.436403124736104
