	Amplitude	Mass	Error	RegUp	RegLow
0	5.23921782136709e-08	1.1435412195664576	0.004127451695781412	26	14
