	pval	chisq
0	0.7586247177280021	8.332649234800673
