	Amplitude	Mass	Error	RegUp	RegLow
0	4.634578972652533e-08	1.1674670031927772	0.005682103176256348	26	14
