	pval	chisq
0	0.9365973372163503	5.56053382498399
