	pval	chisq
0	0.9013392523428516	6.279551591064589
