	pval	chisq
0	0.44415010412976685	12.019060211147226
