	Amplitude	Mass	Error	RegUp	RegLow
0	5.19467567358624e-08	1.196838952952068	0.004129056478783288	26	14
