	Amplitude	Mass	Error	RegUp	RegLow
0	9.112887638464058e-08	1.101583549505787	0.001366397953221551	26	14
