	Amplitude	Mass	Error	RegUp	RegLow
0	7.776899831747325e-08	1.1267882133870903	0.0016136863192529967	26	14
