	Amplitude	Mass	Error	RegUp	RegLow
0	8.837375184183803e-08	0.9757584671229964	0.0013337144577268442	26	14
