	Amplitude	Mass	Error	RegUp	RegLow
0	6.7018034708803e-08	1.0940721547571128	0.0020685162042043534	26	14
