	Amplitude	Mass	Error	RegUp	RegLow
0	5.8478437242404755e-08	1.119697332826013	0.0029023292144795096	26	14
