	pval	chisq
0	0.26012970183531126	14.667425544844768
