	pval	chisq
0	0.4908512052736307	11.44935323623167
