	Amplitude	Mass	Error	RegUp	RegLow
0	9.038059869220908e-08	1.0400439594871418	0.0013367787434499963	26	14
