	Amplitude	Mass	Error	RegUp	RegLow
0	5.8521965143926156e-08	1.1752157126603002	0.002844730233467842	26	14
