	Amplitude	Mass	Error	RegUp	RegLow
0	5.2224195969991794e-08	1.088625403377504	0.004903014892898913	26	14
