	Amplitude	Mass	Error	RegUp	RegLow
0	5.755031953491716e-08	1.0621089852174759	0.003056198332830018	26	14
