	pval	chisq
0	0.25505124510575783	14.75601556669
