	pval	chisq
0	0.9589034749654038	4.972126303062233
