	Amplitude	Mass	Error	RegUp	RegLow
0	4.608140217136935e-08	1.1139356133905343	0.006096950169675503	26	14
