	Amplitude	Mass	Error	RegUp	RegLow
0	3.3190277447607042e-31	1.0198076426841947	80.24536923439766	26	14
