	pval	chisq
0	0.9806180612012737	4.147855860594482
