	Amplitude	Mass	Error	RegUp	RegLow
0	6.591020643729939e-08	1.0345529628148022	0.002134135703212915	26	14
