	Amplitude	Mass	Error	RegUp	RegLow
0	6.716024318141195e-08	1.1513745969600406	0.002060443778332791	26	14
