	pval	chisq
0	0.9792208920721147	4.215751611474009
