	pval	chisq
0	0.7982240238381728	7.830604262173364
