	Amplitude	Mass	Error	RegUp	RegLow
0	7.577258086984013e-08	1.0055728228451783	0.0016062684226659275	26	14
