	pval	chisq
0	0.9512087644468528	5.193301624993019
