	pval	chisq
0	0.2937571858080824	14.109712561190088
