	EffectiveMass	Error	RegUp	RegLow
0	1.1436522579193154	0.009616606778617974	25	18
