	EffectiveMass	Error	RegUp	RegLow
0	1.1769964599609417	0.005666445379696439	25	18
