	EffectiveMass	Error	RegUp	RegLow
0	1.0987543582916295	0.0013035305314228517	26	10
