	EffectiveMass	Error	RegUp	RegLow
0	1.152689819335941	0.003784513979421869	25	18
