	EffectiveMass	Error	RegUp	RegLow
0	1.1303342819213906	0.0010707188213041439	26	10
