	EffectiveMass	Error	RegUp	RegLow
0	1.0059992122650183	0.0027301733364538503	25	18
