	EffectiveMass	Error	RegUp	RegLow
0	1.195554590225224	0.003985317164501829	26	14
