	EffectiveMass	Error	RegUp	RegLow
0	1.0055539417266879	0.0016133746520825846	26	14
