	EffectiveMass	Error	RegUp	RegLow
0	1.1769964027404827	0.005666471707047558	25	18
