	EffectiveMass	Error	RegUp	RegLow
0	1.0428144168853792	0.0009103221752999684	25	10
