	EffectiveMass	Error	RegUp	RegLow
0	0.978636980056766	0.0009036568190017488	25	10
