	EffectiveMass	Error	RegUp	RegLow
0	1.0987467575073282	0.001303559991521649	25	10
