	EffectiveMass	Error	RegUp	RegLow
0	1.218362426757817	0.011558466461451816	25	18
