	EffectiveMass	Error	RegUp	RegLow
0	1.0399828815460237	0.0013465857385428707	26	14
