	EffectiveMass	Error	RegUp	RegLow
0	1.1976049804687543	0.00887487282789015	25	18
