	EffectiveMass	Error	RegUp	RegLow
0	1.0094230270385776	0.0010626789383658861	25	10
