	EffectiveMass	Error	RegUp	RegLow
0	1.0677599716186563	0.0027260112759674784	25	18
