	EffectiveMass	Error	RegUp	RegLow
0	1.1117796325683633	0.005912788951785217	26	14
