	EffectiveMass	Error	RegUp	RegLow
0	1.1976051616668741	0.008874904877044636	25	18
