	EffectiveMass	Error	RegUp	RegLow
0	1.1422139835357707	0.004239366135344466	26	14
