	EffectiveMass	Error	RegUp	RegLow
0	1.0965346717834508	0.002221683557879986	26	10
