	EffectiveMass	Error	RegUp	RegLow
0	1.176714859008793	0.002538920308880361	25	10
