	EffectiveMass	Error	RegUp	RegLow
0	1.067393245697025	0.0016067720001394135	26	14
