	EffectiveMass	Error	RegUp	RegLow
0	1.1559102058410682	0.001300932759681622	26	10
