	EffectiveMass	Error	RegUp	RegLow
0	1.1016070556640662	0.00227410601984698	25	18
