	EffectiveMass	Error	RegUp	RegLow
0	1.1354833984375037	0.0018133177500228486	13	8
