	EffectiveMass	Error	RegUp	RegLow
0	1.2279336452484177	0.0024304587477020833	26	10
