	EffectiveMass	Error	RegUp	RegLow
0	1.1192347431182899	0.0029145981014854706	26	14
