	EffectiveMass	Error	RegUp	RegLow
0	1.087453165054325	0.010789427363589907	25	18
