	EffectiveMass	Error	RegUp	RegLow
0	1.1811139488220257	0.0016428850696812859	26	10
