	EffectiveMass	Error	RegUp	RegLow
0	1.1267533302307164	0.0016277991348968345	26	14
