	EffectiveMass	Error	RegUp	RegLow
0	0.9756969642639193	0.0013375635416279386	26	14
