	EffectiveMass	Error	RegUp	RegLow
0	1.0965394878387487	0.0022218478474793912	25	10
