	EffectiveMass	Error	RegUp	RegLow
0	0.9757494926452668	0.0021936211786349516	25	18
