	EffectiveMass	Error	RegUp	RegLow
0	1.152689523696903	0.0037845163063628955	25	18
