	EffectiveMass	Error	RegUp	RegLow
0	1.1242042922973674	0.002700856110683292	26	10
