	EffectiveMass	Error	RegUp	RegLow
0	1.1272473144531288	0.0027761686940523007	25	18
