	EffectiveMass	Error	RegUp	RegLow
0	1.165108642578129	0.002177041879969799	13	8
