	EffectiveMass	Error	RegUp	RegLow
0	1.0399251556396516	0.0022127614291635057	25	18
