	EffectiveMass	Error	RegUp	RegLow
0	1.0615965938568148	0.003061221107164823	26	14
