	EffectiveMass	Error	RegUp	RegLow
0	1.1766670417785687	0.002538059521981477	26	10
