	EffectiveMass	Error	RegUp	RegLow
0	1.254152832031254	0.004126104183595267	13	8
