	EffectiveMass	Error	RegUp	RegLow
0	1.1811426544189492	0.0016431143733432305	25	10
