	EffectiveMass	Error	RegUp	RegLow
0	1.0954271888732947	0.003799724350516986	25	18
