	EffectiveMass	Error	RegUp	RegLow
0	1.0871424007415806	0.004644886889802387	26	14
