	EffectiveMass	Error	RegUp	RegLow
0	1.0689355659484896	0.0017242321475710864	25	10
