	EffectiveMass	Error	RegUp	RegLow
0	1.1303278827667278	0.0010707209079964554	25	10
