	EffectiveMass	Error	RegUp	RegLow
0	1.039924926757816	0.002212771686424156	25	18
