	EffectiveMass	Error	RegUp	RegLow
0	1.174776668548588	0.0028430591331899033	26	14
