	EffectiveMass	Error	RegUp	RegLow
0	1.1217852687835732	0.005892355793167872	25	18
