	EffectiveMass	Error	RegUp	RegLow
0	1.1101378059387246	0.014024405530655077	25	18
