	EffectiveMass	Error	RegUp	RegLow
0	1.1258789062500036	0.001670461214653037	26	10
