	EffectiveMass	Error	RegUp	RegLow
0	1.2037836742401165	0.002017495409316465	26	10
