	EffectiveMass	Error	RegUp	RegLow
0	1.036123981475833	0.003909181293579255	25	18
