	EffectiveMass	Error	RegUp	RegLow
0	1.165403461456303	0.012521648034448466	25	18
