	EffectiveMass	Error	RegUp	RegLow
0	1.1016069984436072	0.0022741154789582218	25	18
