	EffectiveMass	Error	RegUp	RegLow
0	1.0647160434722938	0.006330759910732763	25	18
