	EffectiveMass	Error	RegUp	RegLow
0	1.0094405937194861	0.0010626099944038834	26	10
