	EffectiveMass	Error	RegUp	RegLow
0	1.0871424007415806	0.004644887059139159	26	14
