	EffectiveMass	Error	RegUp	RegLow
0	1.150870656967167	0.0020982817980613275	26	10
