	EffectiveMass	Error	RegUp	RegLow
0	1.0428204059600865	0.000910322586623827	26	10
