	EffectiveMass	Error	RegUp	RegLow
0	1.2280007171630904	0.0024319209626431936	25	10
