	EffectiveMass	Error	RegUp	RegLow
0	1.2244628906250041	0.0034436841766466273	13	8
