	EffectiveMass	Error	RegUp	RegLow
0	1.1272473812103307	0.0027761794927908226	25	18
