	EffectiveMass	Error	RegUp	RegLow
0	1.0344834804534944	0.0021327327037469917	26	14
