	EffectiveMass	Error	RegUp	RegLow
0	1.1559063911438026	0.0013009306091003466	25	10
