	EffectiveMass	Error	RegUp	RegLow
0	1.150870714187626	0.002098285809911466	25	10
