	EffectiveMass	Error	RegUp	RegLow
0	1.1512634658813514	0.002079499647740409	26	14
