	EffectiveMass	Error	RegUp	RegLow
0	1.218362722396855	0.0115585021006699	25	18
