	EffectiveMass	Error	RegUp	RegLow
0	1.1015214729309117	0.0013768480623641717	26	14
