	EffectiveMass	Error	RegUp	RegLow
0	0.9786434936523469	0.0009036608542921805	26	10
