	EffectiveMass	Error	RegUp	RegLow
0	1.0395337486267122	0.0013226050050846579	25	10
