	EffectiveMass	Error	RegUp	RegLow
0	1.2173608875274702	0.005040530719525436	26	14
