	EffectiveMass	Error	RegUp	RegLow
0	1.1259280776977576	0.0016709866257846448	25	10
