	EffectiveMass	Error	RegUp	RegLow
0	1.0688589286804233	0.0017231884823606393	26	10
