	EffectiveMass	Error	RegUp	RegLow
0	1.1056561279296913	0.0015680672686071782	13	8
