	EffectiveMass	Error	RegUp	RegLow
0	1.07106634140015	0.0010608062504079809	26	10
