	EffectiveMass	Error	RegUp	RegLow
0	1.194660644531254	0.0027069845138319097	13	8
