	EffectiveMass	Error	RegUp	RegLow
0	1.104326667785648	0.0009262851105293729	26	10
