	EffectiveMass	Error	RegUp	RegLow
0	1.0939898204803506	0.0020847147537149456	26	14
