	EffectiveMass	Error	RegUp	RegLow
0	1.0710527038574256	0.0010608446047684732	25	10
