	EffectiveMass	Error	RegUp	RegLow
0	1.1653757190704386	0.005382199546910838	26	14
