	EffectiveMass	Error	RegUp	RegLow
0	1.1242322158813511	0.002701240684655286	25	10
