	EffectiveMass	Error	RegUp	RegLow
0	1.2037919235229535	0.0020178374783940372	25	10
