	EffectiveMass	Error	RegUp	RegLow
0	1.1043238830566444	0.0009262804465260854	25	10
