	EffectiveMass	Error	RegUp	RegLow
0	1.1117796325683633	0.005912789173155753	26	14
