	EffectiveMass	Error	RegUp	RegLow
0	1.0395438194274935	0.001322560880678123	26	10
