	EffectiveMass	Error	RegUp	RegLow
0	1.0954272460937537	0.003799707209327954	25	18
