	pval	chisq
0	0.9016700178690047	7.0093317459947695
