	Amplitude1	Amplitude2	Mass0	Mass1	DeltaM	Error	RegUp	RegLow
0	4.972974922812071e-08	3.6251450610316014e-08	0.9925922787544964	1.0636939257938385	0.07110164703934205	0.06072327950027771	21	8
