	chi2	dof	p-val
0	30.74975471255306	36	0.7163435959634634
