	Amplitude1	Amplitude2	Mass0	Mass1	DeltaM	Error	RegUp	RegLow
0	6.924827258517118e-08	2.9638969440469952e-08	1.0938630568664767	1.1555113282826388	0.06164827141616215	0.07540409247479991	21	8
