	pval	chisq
0	0.7897007961711056	8.775213179142897
