	Amplitude1	Amplitude2	Mass0	Mass1	DeltaM	Error	RegUp	RegLow
0	1.5385276969466538e-08	4.3914575003938564e-08	1.0807024436392563	1.1652704947114259	0.08456805107216954	0.04328499261451611	21	8
