	pval	chisq
0	0.8772394850205099	7.454455295228457
