	pval	chisq
0	0.6592473540919936	13.184167213159867
