	chi2	dof	p-val
0	30.429408559131748	36	0.7304134629179326
