	Amplitude1	Amplitude2	Mass0	Mass1	DeltaM	Error	RegUp	RegLow
0	2.5249088190455366e-08	3.503342291491794e-08	1.14727546428919	1.240000701440821	0.09272523715163096	0.06705752292578485	21	8
