	pval	chisq
0	0.3559526634292276	14.257648186586218
