	chi2	dof	p-val
0	34.0862990858613	36	0.5598683497319055
