	Amplitude1	Amplitude2	Mass0	Mass1	DeltaM	Error	RegUp	RegLow
0	2.5834512665248734e-08	4.4210941047305416e-08	1.0946002464710272	1.1705000063232975	0.07589975985227049	0.058866417981656545	21	8
