	Amplitude1	Amplitude2	Mass0	Mass1	DeltaM	Error	RegUp	RegLow
0	1.890762501231102e-08	5.032417873176399e-08	1.0293539231905404	1.1050324728044496	0.07567854961390914	0.04089862103750211	21	8
