	chi2	dof	p-val
0	34.54405288208036	36	0.5378497858777116
