	chi2	dof	p-val
0	37.52516723982857	36	0.3991055675148285
