	pval	chisq
0	0.8141810079766674	8.434590953701756
