	chi2	dof	p-val
0	27.16368304093138	36	0.8556403589714139
