	Amplitude1	Amplitude2	Mass0	Mass1	DeltaM	Error	RegUp	RegLow
0	3.6267793226804144e-08	2.9718105835469706e-08	1.130604315397253	1.2309315570644794	0.10032724166722641	0.067625758401033	21	8
