	chi2	dof	p-val
0	29.904327194526527	36	0.7528991802401793
