	chi2	dof	p-val
0	38.84777329283773	36	0.342621858732191
