	pval	chisq
0	0.2225948834099425	19.947492482393834
