	pval	chisq
0	0.25979203980267696	15.805508463332357
