	pval	chisq
0	0.7855306928151804	11.37867489954343
