	pval	chisq
0	0.38977191750482276	16.935665711385692
