	pval	chisq
0	0.8228513254029707	10.780091189793897
