	pval	chisq
0	0.7279762105283882	12.230353983845674
