	pval	chisq
0	0.8151527919076657	8.420718948403474
