	pval	chisq
0	0.8887811251534995	9.5556491051633
