	pval	chisq
0	0.7495081639164921	9.305381786704116
