	Amplitude1	Amplitude2	Mass0	Mass1	DeltaM	Error	RegUp	RegLow
0	5.64432359672518e-08	3.097458090103841e-08	1.116630392672686	1.1908001875162137	0.07416979484352774	0.06926932011897338	21	8
