	Amplitude1	Amplitude2	Mass0	Mass1	DeltaM	Error	RegUp	RegLow
0	1.5229302461206343e-08	-8.225352848271535e-09	3.0063859730472084	3.5573783906668877	0.5509924176196792	0.23691891718095376	21	8
