	chi2	dof	p-val
0	32.32754461909727	36	0.6439763868994046
