	pval	chisq
0	2.6284850962454698e-08	67.58871508203615
