	pval	chisq
0	0.6682481250217679	10.31194564575831
