	pval	chisq
0	0.9346155120669146	6.298392499837046
