	chi2	dof	p-val
0	33.849964345560814	36	0.5712455758625001
