	chi2	dof	p-val
0	28.649526357830165	36	0.8032627259827854
