	pval	chisq
0	0.8554602372582543	7.814681684448187
