	pval	chisq
0	1.1102230246251565e-16	112.9514603390761
