	pval	chisq
0	0.2300591352981043	16.36345529435536
