	chi2	dof	p-val
0	31.639004422048707	36	0.6760979562123454
