	Amplitude1	Amplitude2	Mass0	Mass1	DeltaM	Error	RegUp	RegLow
0	2.65626090888998e-08	3.8137611938452894e-08	1.0671389168093335	1.150046169919159	0.08290725310982566	0.056609473999114014	21	8
