	Amplitude1	Amplitude2	Mass0	Mass1	DeltaM	Error	RegUp	RegLow
0	4.2499408796149005e-08	3.4741239527391797e-08	1.02021025966216	1.0998450417295085	0.07963478206734836	0.06284189935939603	21	8
