	pval	chisq
0	0.7821097821499036	8.877787344994022
