	Amplitude1	Amplitude2	Mass0	Mass1	DeltaM	Error	RegUp	RegLow
0	5.3878164452342124e-08	3.326660374394848e-08	1.056161772201969	1.1282926817334888	0.07213090953151982	0.06498748110030071	21	8
