	chi2	dof	p-val
0	32.603151824491825	36	0.6309434873307498
