	Amplitude1	Amplitude2	Mass0	Mass1	DeltaM	Error	RegUp	RegLow
0	4.7838982684640787e-08	3.051179992606492e-08	1.1397278925606886	1.2254781082942048	0.08575021573351616	0.0687270824752235	21	8
