	chi2	dof	p-val
0	30.75637007948217	36	0.7160504356898791
