	pval	chisq
0	0.2737073279589688	18.90334392850959
