	Amplitude1	Amplitude2	Mass0	Mass1	DeltaM	Error	RegUp	RegLow
0	3.0833373507998466e-08	2.993267485768958e-08	1.205008572206055	1.3125916243961857	0.10758305219013065	0.07655737198732104	21	8
