	pval	chisq
0	0.5889097666401498	11.261635498894226
