	Amplitude1	Amplitude2	Mass0	Mass1	DeltaM	Error	RegUp	RegLow
0	7.047483681380648e-08	2.8109859594253394e-08	1.032730645865958	1.099401563082311	0.06667091721635304	0.07406511589791356	21	8
