	Amplitude1	Amplitude2	Mass0	Mass1	DeltaM	Error	RegUp	RegLow
0	2.956387099774813e-08	4.053945430802407e-08	1.1534284719453902	1.23189324879191	0.07846477684651988	0.0614895605124696	21	8
