	chi2	dof	p-val
0	32.336484350361594	36	0.6435550152967116
