	chi2	dof	p-val
0	32.272619424760315	36	0.6465631118233361
