	chi2	dof	p-val
0	33.27734263108302	36	0.5987683515161735
