	pval	chisq
0	0.8332806176779455	8.156149586500609
