	pval	chisq
0	0.7695082070680417	9.045372154333373
