	pval	chisq
0	0.5470386094382214	14.69556412200602
