	pval	chisq
0	0.7835814348827806	8.85800188588204
