	pval	chisq
0	1.1126766175095781e-11	86.46924015284225
