	pval	chisq
0	0.7639954979173444	9.117722155617457
