	chi2	dof	p-val
0	40.08128955183749	36	0.2939506841728783
