	pval	chisq
0	0.8430510515881512	8.008423723161721
