	pval	chisq
0	2.3925306180672123e-13	95.50567874628284
