	pval	chisq
0	0.7273449582184501	12.239358216920657
