	Amplitude1	Amplitude2	Mass0	Mass1	DeltaM	Error	RegUp	RegLow
0	4.0579104703325115e-08	2.6152537158197194e-08	1.187527429707089	1.3074973695687593	0.11996993986167037	0.07728278074572423	21	8
