	Amplitude1	Amplitude2	Mass0	Mass1	DeltaM	Error	RegUp	RegLow
0	7.080236756709737e-08	2.64926718449087e-08	0.968808432213483	1.0434460018682814	0.07463756965479829	0.0748683724079186	21	8
