	Amplitude1	Amplitude2	Mass0	Mass1	DeltaM	Error	RegUp	RegLow
0	4.599602868292399e-08	3.2186137564022585e-08	1.0814576481000158	1.1639511485988792	0.08249350049886343	0.0657266742955261	21	8
