	chi2	dof	p-val
0	41.093779826542715	36	0.25722944267676917
