	pval	chisq
0	0.6918789288170467	12.737034723791744
