	pval	chisq
0	0.8475087960809871	7.150512316395928
