	pval	chisq
0	0.40776124931459623	12.482322647746086
