	pval	chisq
0	0.4000316517293456	12.583421836169347
