	pval	chisq
0	0.2902759437496545	14.165322547525067
