	pval	chisq
0	0.2902759437496547	14.165322547525065
