	pval	chisq
0	0.8475087960809872	7.150512316395927
