	pval	chisq
0	0.6915894610885497	9.13231369600687
