	pval	chisq
0	0.6915894610885498	9.132313696006868
