	pval	chisq
0	0.8252755263841192	7.466982151340461
