	pval	chisq
0	0.47470114116666406	11.643709152914075
