	pval	chisq
0	0.26035648128805344	14.663498636231063
