	pval	chisq
0	0.8710373277086718	6.792158716637103
