	pval	chisq
0	0.42891443574429056	12.21064296188458
