	pval	chisq
0	0.40425654407828326	12.52803452779824
