	pval	chisq
0	0.8252755263841193	7.46698215134046
