	pval	chisq
0	0.5984499855948477	10.199654543374132
