	pval	chisq
0	0.8660260919277214	6.8708941807831625
