	pval	chisq
0	0.5984499855948482	10.19965454337413
