	pval	chisq
0	0.4399527255381892	12.071523556205852
