	pval	chisq
0	0.8710373277086716	6.792158716637104
