	pval	chisq
0	0.4289144357442899	12.210642961884584
