	pval	chisq
0	0.9196595952580472	5.928168754507632
