	pval	chisq
0	0.4000316517293455	12.583421836169345
