	pval	chisq
0	0.9918262018975714	3.4160087211623735
