	pval	chisq
0	0.47470114116666373	11.643709152914074
