	pval	chisq
0	0.89689459911784	6.359361652195664
