	pval	chisq
0	0.25573322087863426	14.74404557085853
