	pval	chisq
0	0.4077612493145957	12.482322647746091
