	pval	chisq
0	0.2557332208786338	14.744045570858534
