	pval	chisq
0	0.6459172520464087	9.658212563149663
