	EffectiveMass	Error	RegUp	RegLow
0	0.7999066162109401	0.017223192786267657	25	18
