	EffectiveMass	Error	RegUp	RegLow
0	0.10804565429687502	0.0019000103970255944	25	18
