	EffectiveMass	Error	RegUp	RegLow
0	0.8242388916015652	0.01554307531103453	25	18
