	EffectiveMass	Error	RegUp	RegLow
0	0.902746295928958	0.4097226276639738	25	18
