	EffectiveMass	Error	RegUp	RegLow
0	0.8298345279693631	0.1373358743257852	25	18
