	EffectiveMass	Error	RegUp	RegLow
0	-0.4757202148437489	0.0069653901498476474	25	18
