	EffectiveMass	Error	RegUp	RegLow
0	-0.4633441162109365	0.0074163726355114075	25	18
