	EffectiveMass	Error	RegUp	RegLow
0	-0.4865405273437488	0.006465230473785492	25	18
