	EffectiveMass	Error	RegUp	RegLow
0	-0.4398815917968739	0.015424948428475891	25	18
