	EffectiveMass	Error	RegUp	RegLow
0	0.26188997268676806	0.020925618072894614	24	19
