	EffectiveMass	Error	RegUp	RegLow
0	0.22267067909240768	0.015803263918787128	23	18
