	EffectiveMass	Error	RegUp	RegLow
0	0.2357717037200932	0.016544444185063928	23	18
