	EffectiveMass	Error	RegUp	RegLow
0	0.2560237884521489	0.009314527403705043	23	18
