	EffectiveMass	Error	RegUp	RegLow
0	0.28575286865234445	0.005824413590820831	23	18
