	EffectiveMass	Error	RegUp	RegLow
0	0.2732219696044928	0.006696984172845457	23	18
