	EffectiveMass	Error	RegUp	RegLow
0	0.2892764186859138	0.005493602638068034	23	18
