	EffectiveMass	Error	RegUp	RegLow
0	0.28873969078064043	0.006241347891988614	23	18
