	EffectiveMass	Error	RegUp	RegLow
0	0.2754812431335456	0.01629260045169198	23	18
