	EffectiveMass	Error	RegUp	RegLow
0	0.246612052917481	0.011733959619213113	24	19
