	EffectiveMass	Error	RegUp	RegLow
0	0.2632359409332281	0.015490872993902793	23	18
