	EffectiveMass	Error	RegUp	RegLow
0	0.2523272037506109	0.008760355103423257	23	18
