	EffectiveMass	Error	RegUp	RegLow
0	0.23018852233886766	0.015995574676029807	23	18
