	EffectiveMass	Error	RegUp	RegLow
0	0.26095455169677795	0.009066318061890523	23	18
