	EffectiveMass	Error	RegUp	RegLow
0	0.2765078163146979	0.01652197594468877	23	18
