	EffectiveMass	Error	RegUp	RegLow
0	0.26716569900512754	0.00659160566459363	23	18
