	EffectiveMass	Error	RegUp	RegLow
0	0.27103203773498596	0.0071771876237688575	23	18
