	EffectiveMass	Error	RegUp	RegLow
0	0.5817936801910417	0.03347901019091754	16	12
