	EffectiveMass	Error	RegUp	RegLow
0	0.6244317626953145	0.02778729478106677	16	13
