	EffectiveMass	Error	RegUp	RegLow
0	0.6652347278594992	0.02029045941365008	23	18
