	EffectiveMass	Error	RegUp	RegLow
0	0.659299316406252	0.0219132795284047	16	13
