	EffectiveMass	Error	RegUp	RegLow
0	0.5825817489624041	0.03598158934836498	16	12
