	EffectiveMass	Error	RegUp	RegLow
0	0.6301733875274678	0.030461455684446758	23	18
