	EffectiveMass	Error	RegUp	RegLow
0	0.6344091796875021	0.02274198020597952	16	13
