	EffectiveMass	Error	RegUp	RegLow
0	0.6583123779296894	0.021612472440355406	16	12
