	EffectiveMass	Error	RegUp	RegLow
0	0.6236247444152851	0.02749919510290524	16	12
