	EffectiveMass	Error	RegUp	RegLow
0	0.5812030029296894	0.03326576150320549	16	13
