	EffectiveMass	Error	RegUp	RegLow
0	0.6438064193725606	0.023562545262827753	23	18
