	EffectiveMass	Error	RegUp	RegLow
0	0.6373978042602559	0.023512896039858875	16	12
