	EffectiveMass	Error	RegUp	RegLow
0	0.6318706417083761	0.04296109071412746	23	18
