	EffectiveMass	Error	RegUp	RegLow
0	0.6435325431823751	0.043849560448831995	23	18
