	EffectiveMass	Error	RegUp	RegLow
0	0.5716406250000018	0.03374835561814329	16	13
