	EffectiveMass	Error	RegUp	RegLow
0	0.17275989532470729	0.003941232822417149	17	12
