	EffectiveMass	Error	RegUp	RegLow
0	0.16410421371459985	0.005185959391069261	17	12
