	EffectiveMass	Error	RegUp	RegLow
0	0.17171965599060085	0.003822844520446795	17	12
