	EffectiveMass	Error	RegUp	RegLow
0	0.16361598968505883	0.008775569995495626	17	12
