	EffectiveMass	Error	RegUp	RegLow
0	0.1648189067840578	0.008465868331470693	17	12
