	EffectiveMass	Error	RegUp	RegLow
0	0.16009394645690933	0.008728082764848126	17	12
