	EffectiveMass	Error	RegUp	RegLow
0	0.16121576309204122	0.008569037294371432	17	12
