	EffectiveMass	Error	RegUp	RegLow
0	0.1656201839447024	0.005205331242906777	17	12
