	EffectiveMass	Error	RegUp	RegLow
0	0.16438149452209494	0.005107124269147643	17	12
