	EffectiveMass	Error	RegUp	RegLow
0	0.1726391792297366	0.0039983480608123565	17	12
