	EffectiveMass	Error	RegUp	RegLow
0	0.1615289878845217	0.008720902602518609	17	12
