	EffectiveMass	Error	RegUp	RegLow
0	0.18255018234252957	0.003323914003933473	17	12
