	EffectiveMass	Error	RegUp	RegLow
0	0.1834275245666507	0.003397751274641752	17	12
