	EffectiveMass	Error	RegUp	RegLow
0	0.18238818168640164	0.003241987497642981	17	12
