	EffectiveMass	Error	RegUp	RegLow
0	0.16124547004699724	0.008366722607289823	17	12
