	EffectiveMass	Error	RegUp	RegLow
0	2.2517718505859468	0.0010116491023280886	25	10
