	EffectiveMass	Error	RegUp	RegLow
0	2.2517719268798917	0.0010116563957000392	25	10
