	EffectiveMass	Error	RegUp	RegLow
0	2.2526141357421965	0.0004094731591114459	13	8
