	EffectiveMass	Error	RegUp	RegLow
0	2.2528263759613134	0.0008728337764062937	26	12
