	EffectiveMass	Error	RegUp	RegLow
0	2.250989017486581	0.0019979818427248277	26	19
