	EffectiveMass	Error	RegUp	RegLow
0	2.2527632236480795	0.0008801739264676507	25	12
