	pval	chisq
0	0.7452567599248221	4.294867786905034
