	Amplitude	Mass	Error	RegUp	RegLow
0	4.177340174912178e-11	0.9292309282148025	0.0013958054102750858	26	19
