	Amplitude	Mass	Error	RegUp	RegLow
0	2.7657282822621984e-11	1.0033759289817428	0.004396948102529861	26	19
