	pval	chisq
0	0.8728278846035911	3.128894040756204
