	Amplitude	Mass	Error	RegUp	RegLow
0	3.649170518103837e-11	0.8745495883249549	0.0017084505411212754	26	19
