	pval	chisq
0	0.529928596369152	6.084409902848101
