	pval	chisq
0	0.9187014701500066	2.6085793158317534
