	Amplitude	Mass	Error	RegUp	RegLow
0	3.064457844674489e-11	0.9161710132363216	0.003622540253381382	26	19
