	Amplitude	Mass	Error	RegUp	RegLow
0	2.995567319272578e-11	0.9844477814224601	0.0033646305814233547	26	19
