	pval	chisq
0	0.8537316512288506	3.321725637174249
