	Amplitude	Mass	Error	RegUp	RegLow
0	3.656987987752574e-11	0.9474825753418906	0.001670996976985458	26	19
