	Amplitude	Mass	Error	RegUp	RegLow
0	4.83006378512934e-11	0.9106728133819041	0.0011632873140312767	26	19
