	pval	chisq
0	0.7103434284876711	4.585956824516541
