	Amplitude	Mass	Error	RegUp	RegLow
0	3.2677880230491126e-11	0.8948538308919162	0.0023700780100840402	26	19
