	pval	chisq
0	0.37189624511073327	7.571421498249346
