	Amplitude	Mass	Error	RegUp	RegLow
0	4.7570078586887995e-11	0.8332250411329947	0.0011505361450439545	26	19
