	Amplitude	Mass	Error	RegUp	RegLow
0	3.249271870283306e-11	0.9656822880272052	0.002296517574521679	26	19
