	pval	chisq
0	0.8624398329648747	3.23505485866892
