	Amplitude	Mass	Error	RegUp	RegLow
0	-1.7773150806616067e-27	1.0195695561766482	36.69076320172951	26	19
