	pval	chisq
0	0.8788937253037884	3.0653285369818324
