	pval	chisq
0	0.8809491600736075	3.043500026197393
