	pval	chisq
0	0.9284689174660063	2.4816978544668244
