	pval	chisq
0	0.9662084824653625	1.87948164992962
