	Amplitude	Mass	Error	RegUp	RegLow
0	2.8537904736379896e-11	0.9370226805303199	0.004759523671027491	26	19
