	Amplitude	Mass	Error	RegUp	RegLow
0	4.139923152841297e-11	0.85410672844916	0.0013142498859509562	26	19
