	EffectiveMass	Error	RegUp	RegLow
0	1.0023511409759556	0.004252253568354222	26	19
