	EffectiveMass	Error	RegUp	RegLow
0	1.0036871242523226	0.0049792729640773395	25	18
