	EffectiveMass	Error	RegUp	RegLow
0	0.8561876201629668	0.0007482336906246832	26	12
