	EffectiveMass	Error	RegUp	RegLow
0	0.9586047363281283	0.0004633001241116865	13	8
