	EffectiveMass	Error	RegUp	RegLow
0	0.9113917732238799	0.0008940121860508371	25	12
