	EffectiveMass	Error	RegUp	RegLow
0	0.8973785400390655	0.0010675171330292083	25	12
