	EffectiveMass	Error	RegUp	RegLow
0	0.8551723670959501	0.0010007748026980184	25	12
