	EffectiveMass	Error	RegUp	RegLow
0	0.8757195854187041	0.0011979541678250234	25	12
