	EffectiveMass	Error	RegUp	RegLow
0	1.007872924804691	0.0017509743811979007	25	10
