	EffectiveMass	Error	RegUp	RegLow
0	0.912093505859378	0.0015031223434770686	25	18
