	EffectiveMass	Error	RegUp	RegLow
0	0.9123686408996612	0.000671515987108132	25	12
