	EffectiveMass	Error	RegUp	RegLow
0	0.9665789794921905	0.0028761785943078417	25	18
