	EffectiveMass	Error	RegUp	RegLow
0	0.894877061843875	0.002306982370725661	26	19
