	EffectiveMass	Error	RegUp	RegLow
0	0.9817083740234408	0.0005697071511243692	13	8
