	EffectiveMass	Error	RegUp	RegLow
0	0.9176093292236356	0.0013593570771940782	26	12
