	EffectiveMass	Error	RegUp	RegLow
0	1.0059142589569123	0.0021683387623866288	25	12
