	EffectiveMass	Error	RegUp	RegLow
0	0.8561101531982451	0.0007503541142321892	25	12
