	EffectiveMass	Error	RegUp	RegLow
0	0.876906919479373	0.000879867975883433	25	12
