	EffectiveMass	Error	RegUp	RegLow
0	0.8348967742919949	0.0006582528827033118	26	12
