	EffectiveMass	Error	RegUp	RegLow
0	0.9665792846679717	0.0028762067907556143	25	18
