	EffectiveMass	Error	RegUp	RegLow
0	0.8333652591705349	0.0011352332615779633	26	19
