	EffectiveMass	Error	RegUp	RegLow
0	0.9854884624481233	0.004106634417718698	25	18
