	EffectiveMass	Error	RegUp	RegLow
0	0.9307479095459015	0.0017390828174259096	25	18
