	EffectiveMass	Error	RegUp	RegLow
0	0.9867625236511262	0.001308660583604167	25	12
