	EffectiveMass	Error	RegUp	RegLow
0	0.9374476432800325	0.00162941216407049	25	12
