	EffectiveMass	Error	RegUp	RegLow
0	0.9685843467712434	0.0010476899857403716	25	12
