	EffectiveMass	Error	RegUp	RegLow
0	0.9489084911346468	0.0011934064233446282	25	12
