	EffectiveMass	Error	RegUp	RegLow
0	0.9686215972900423	0.0010406979530889844	26	12
