	EffectiveMass	Error	RegUp	RegLow
0	0.9303974342346222	0.001010620030898892	25	12
