	EffectiveMass	Error	RegUp	RegLow
0	1.0036871337890658	0.0049791949923921235	25	18
