	EffectiveMass	Error	RegUp	RegLow
0	0.9374572563171417	0.0016293833632384464	26	12
