	EffectiveMass	Error	RegUp	RegLow
0	0.9487921142578156	0.002169917756934336	25	18
