	EffectiveMass	Error	RegUp	RegLow
0	0.9855278778076204	0.001847095635311354	25	12
