	EffectiveMass	Error	RegUp	RegLow
0	0.9108168125152616	0.0011633944578851797	26	19
