	EffectiveMass	Error	RegUp	RegLow
0	1.0049757099151642	0.0015643387009948025	26	12
