	EffectiveMass	Error	RegUp	RegLow
0	0.8542727851867704	0.0013323266734866462	26	19
