	EffectiveMass	Error	RegUp	RegLow
0	0.8747047233581573	0.0016930248797251332	26	19
