	EffectiveMass	Error	RegUp	RegLow
0	0.9500704193115267	0.000876196860422962	25	12
