	EffectiveMass	Error	RegUp	RegLow
0	0.9386505699157746	0.002277148558238109	25	12
