	EffectiveMass	Error	RegUp	RegLow
0	0.9657529067993196	0.002233352903829292	26	19
