	EffectiveMass	Error	RegUp	RegLow
0	1.0055334472656285	0.0006675546310827242	13	8
