	EffectiveMass	Error	RegUp	RegLow
0	0.9357335948944123	0.0045957713027850525	26	19
