	EffectiveMass	Error	RegUp	RegLow
0	0.9314326477050812	0.0007537463900785724	26	12
