	EffectiveMass	Error	RegUp	RegLow
0	1.0299121093750034	0.0009220468790571497	13	8
