	EffectiveMass	Error	RegUp	RegLow
0	0.9501432323455841	0.0008724984456877954	26	12
