	EffectiveMass	Error	RegUp	RegLow
0	0.947656717300418	0.0016815743328737005	26	19
