	EffectiveMass	Error	RegUp	RegLow
0	0.9124109172821075	0.000669916035518993	26	12
