	EffectiveMass	Error	RegUp	RegLow
0	0.9163842964172391	0.0019214077137674692	25	12
