	EffectiveMass	Error	RegUp	RegLow
0	0.9352618408203156	0.0003906935211194634	13	8
