	EffectiveMass	Error	RegUp	RegLow
0	0.9854882812500032	0.004106576691222624	25	18
