	EffectiveMass	Error	RegUp	RegLow
0	0.9160173606872588	0.003577382429793704	26	19
