	EffectiveMass	Error	RegUp	RegLow
0	0.948792304992679	0.002169943238968173	25	18
