	EffectiveMass	Error	RegUp	RegLow
0	0.9117913818359404	0.0003462087558575637	13	8
