	EffectiveMass	Error	RegUp	RegLow
0	0.8974144458770781	0.0010608924159472544	26	12
