	EffectiveMass	Error	RegUp	RegLow
0	0.986750888824466	0.0013066032031899112	26	12
