	EffectiveMass	Error	RegUp	RegLow
0	1.0049926948547396	0.001564429470251138	25	12
