	EffectiveMass	Error	RegUp	RegLow
0	0.8957887744903592	0.0014823233708263805	25	12
