	EffectiveMass	Error	RegUp	RegLow
0	0.9120937156677276	0.0015031322789170048	25	18
