	EffectiveMass	Error	RegUp	RegLow
0	0.8339685344696073	0.0008772024860639329	25	12
