	EffectiveMass	Error	RegUp	RegLow
0	0.9842465019226105	0.0032973145114034764	26	19
