	EffectiveMass	Error	RegUp	RegLow
0	0.967101755142215	0.0014526513756241855	25	12
