	EffectiveMass	Error	RegUp	RegLow
0	0.9307476806640655	0.001739071720721513	25	18
