	EffectiveMass	Error	RegUp	RegLow
0	0.8348448944091824	0.0006603607353516648	25	12
