	EffectiveMass	Error	RegUp	RegLow
0	0.9176057147979764	0.0013610884044586563	25	12
