	EffectiveMass	Error	RegUp	RegLow
0	0.9313660049438506	0.0007557870531258348	25	12
