	EffectiveMass	Error	RegUp	RegLow
0	0.8769868850708036	0.0008763141607668261	26	12
