	EffectiveMass	Error	RegUp	RegLow
0	0.9294001770019562	0.001347908320958803	26	19
