	pval	chisq
0	0.9943366908805893	3.6552115395784934
