	chi2	dof	p-val
0	38.407099773026474	38	0.4510414537779679
