	pval	chisq
0	0.32174337244410967	14.772908425574851
