	chi2	dof	p-val
0	30.67784557074006	38	0.7947476929687507
