	pval	chisq
0	0.9422615333697187	6.104639139004236
