	chi2	dof	p-val
0	28.927029090414955	36	0.7925718521354208
