	chi2	dof	p-val
0	40.39441413300547	34	0.20859330473211102
