	chi2	dof	p-val
0	35.19595841937498	36	0.5066444616810017
