	chi2	dof	p-val
0	48.09403403036884	36	0.08568521385577244
