	pval	chisq
0	0.3136596968078995	14.899643003467835
