	pval	chisq
0	0.9451002034475267	6.02875402227545
