	pval	chisq
0	0.30596244487133895	15.022304137311247
