	pval	chisq
0	0.9818768946838611	4.663304872380185
