	pval	chisq
0	0.9990841878641699	2.5749427704748076
