	chi2	dof	p-val
0	34.65158353682192	34	0.4366981835064797
