	chi2	dof	p-val
0	49.63269165656991	34	0.040681453451828054
