	pval	chisq
0	0.9692346846343264	5.251365136798688
