	chi2	dof	p-val
0	56.2130464688131	36	0.017101368435955888
