	pval	chisq
0	0.4176686410066154	13.396548233851806
