	chi2	dof	p-val
0	45.483772276579494	34	0.0901504876703485
