	chi2	dof	p-val
0	33.09186195346671	28	0.23237828377877312
