	pval	chisq
0	0.9785500686544724	4.839913892828282
