	pval	chisq
0	0.9400852163188799	6.161289774858977
