	pval	chisq
0	0.26863979557364015	15.648376003256512
