	chi2	dof	p-val
0	40.99144119291374	36	0.26080328692579857
