	chi2	dof	p-val
0	52.148755069085276	36	0.03990878690140076
