	pval	chisq
0	0.714747169558289	4.549512945221468
