	pval	chisq
0	0.8610830463980234	3.2486902346797377
