	pval	chisq
0	0.33397487427043804	7.984361944325258
