	pval	chisq
0	0.675059969900135	4.876266366486299
