	pval	chisq
0	0.8764359217726211	3.09123450819823
