	pval	chisq
0	0.6522440442173121	5.063254676968168
