	pval	chisq
0	0.47962480841543387	6.527937876273166
