	pval	chisq
0	0.47962480841543365	6.527937876273168
