	pval	chisq
0	0.6891492133785636	4.760617964097837
