	pval	chisq
0	0.6317670827984057	5.231238610235209
