	pval	chisq
0	0.6317670827984052	5.231238610235212
