	pval	chisq
0	0.6889246389667697	4.7624635239914745
