	pval	chisq
0	0.8769560982277614	3.085769107972755
