	pval	chisq
0	0.6891492133785633	4.76061796409784
