	pval	chisq
0	0.8610830463980235	3.2486902346797373
