	pval	chisq
0	0.6783683589533074	4.849131519493762
