	pval	chisq
0	0.6783683589533074	4.8491315194937625
