	pval	chisq
0	0.33397487427043904	7.984361944325256
