	pval	chisq
0	0.876435921772621	3.091234508198231
