	pval	chisq
0	0.7040891353053111	4.637613775832083
