	pval	chisq
0	0.6889246389667699	4.762463523991473
