	EffectiveMass	Error	RegUp	RegLow
0	0.7780406570434595	0.46606347110870455	25	18
