	EffectiveMass	Error	RegUp	RegLow
0	0.825391054153445	0.14695439853637865	25	18
