	EffectiveMass	Error	RegUp	RegLow
0	0.8868023490905792	0.44677139555079165	25	18
