	EffectiveMass	Error	RegUp	RegLow
0	0.6838222312927267	0.37087755861029553	25	18
