	EffectiveMass	Error	RegUp	RegLow
0	0.3590496826171885	0.19639777201762676	16	13
