	EffectiveMass	Error	RegUp	RegLow
0	0.3986328125000011	0.160644113485435	16	13
