	EffectiveMass	Error	RegUp	RegLow
0	0.33220376014709563	0.17996391022587402	16	12
