	EffectiveMass	Error	RegUp	RegLow
0	0.2602583885192876	0.18320492554330198	16	12
