	EffectiveMass	Error	RegUp	RegLow
0	0.30360778808593825	0.07992699364933417	16	13
