	EffectiveMass	Error	RegUp	RegLow
0	0.3938221836090098	0.16358680254001173	16	12
