	EffectiveMass	Error	RegUp	RegLow
0	0.38660034179687597	0.17998413109595898	16	13
