	EffectiveMass	Error	RegUp	RegLow
0	0.10464050292968753	0.0020812933967358344	25	18
