	EffectiveMass	Error	RegUp	RegLow
0	0.1014453125	0.0023492244795892832	25	18
