	EffectiveMass	Error	RegUp	RegLow
0	0.3434097576141366	0.019792583004009257	23	18
