	EffectiveMass	Error	RegUp	RegLow
0	0.39655641555786236	0.01174540727450454	24	19
