	EffectiveMass	Error	RegUp	RegLow
0	0.375534200668336	0.026987421473983978	24	19
