	EffectiveMass	Error	RegUp	RegLow
0	0.3821288967132578	0.02839925163774541	24	19
