	EffectiveMass	Error	RegUp	RegLow
0	0.40840417861938594	0.010641132389974812	24	19
