	EffectiveMass	Error	RegUp	RegLow
0	0.3701103496551523	0.021343223678465625	23	18
