	EffectiveMass	Error	RegUp	RegLow
0	0.32740423202514735	0.021961765226582677	23	18
