	EffectiveMass	Error	RegUp	RegLow
0	0.3768998432159433	0.012919789591500391	23	18
