	EffectiveMass	Error	RegUp	RegLow
0	0.3545476818084726	0.022391933552242577	23	18
