	EffectiveMass	Error	RegUp	RegLow
0	0.4093732833862316	0.011555254871172647	23	18
