	EffectiveMass	Error	RegUp	RegLow
0	0.3786647319793711	0.013926853258121463	23	18
