	EffectiveMass	Error	RegUp	RegLow
0	0.40529041290283313	0.011168548709645175	23	18
