	EffectiveMass	Error	RegUp	RegLow
0	0.41790855407714955	0.010272374162749516	23	18
