	EffectiveMass	Error	RegUp	RegLow
0	0.34824521064758385	0.019623444051034163	23	18
