	EffectiveMass	Error	RegUp	RegLow
0	0.39498613357544055	0.012375204808830587	23	18
