	EffectiveMass	Error	RegUp	RegLow
0	0.3916361045837413	0.012842942041668087	23	18
