	EffectiveMass	Error	RegUp	RegLow
0	0.3935148429870615	0.011922784721541783	23	18
