	EffectiveMass	Error	RegUp	RegLow
0	0.3545209980010995	0.02256699338535535	23	18
