	EffectiveMass	Error	RegUp	RegLow
0	0.3863209533691415	0.014125900117820183	24	19
