	EffectiveMass	Error	RegUp	RegLow
0	0.6981549072265648	0.43557562733677674	25	18
