	EffectiveMass	Error	RegUp	RegLow
0	0.7901385498046901	0.13819440467075686	25	18
