	EffectiveMass	Error	RegUp	RegLow
0	0.5908471679687517	0.3444357072346392	25	18
