	EffectiveMass	Error	RegUp	RegLow
0	0.7873577404022243	0.4270955848222465	25	18
