	EffectiveMass	Error	RegUp	RegLow
0	0.6847869300842306	0.34294899013053226	25	18
