	EffectiveMass	Error	RegUp	RegLow
0	0.8182873535156274	0.41800193229455124	25	18
