	EffectiveMass	Error	RegUp	RegLow
0	0.7637818813324	0.020030315325301185	27	20
