	EffectiveMass	Error	RegUp	RegLow
0	0.7457476234436058	0.015537762433497282	27	20
