	EffectiveMass	Error	RegUp	RegLow
0	0.7374616432189964	0.02274757209548376	27	20
