	EffectiveMass	Error	RegUp	RegLow
0	0.7862362575531032	0.014570532133151825	27	20
