	EffectiveMass	Error	RegUp	RegLow
0	0.725379810333254	0.047542116546396215	25	18
