	EffectiveMass	Error	RegUp	RegLow
0	0.7658586978912376	0.016695304812237282	27	20
