	EffectiveMass	Error	RegUp	RegLow
0	0.7402207756042503	0.019158732940082943	27	20
