	EffectiveMass	Error	RegUp	RegLow
0	0.7126815223693872	0.021722469471411876	27	20
