	EffectiveMass	Error	RegUp	RegLow
0	0.7739449501037621	0.033926055459166715	25	18
