	EffectiveMass	Error	RegUp	RegLow
0	0.7961464023590115	0.03135203832658241	25	18
