	EffectiveMass	Error	RegUp	RegLow
0	0.7935287189483669	0.01256369726798425	27	20
