	EffectiveMass	Error	RegUp	RegLow
0	0.777810554504397	0.014677125583335235	27	20
