	EffectiveMass	Error	RegUp	RegLow
0	0.7699436187744166	0.013703831834719127	27	20
