	EffectiveMass	Error	RegUp	RegLow
0	0.7289620304107687	0.022680280084537898	27	20
