	EffectiveMass	Error	RegUp	RegLow
0	0.7975091648101831	0.013138273764583578	27	20
