	EffectiveMass	Error	RegUp	RegLow
0	0.7459895420074487	0.044341983438452075	25	18
