	EffectiveMass	Error	RegUp	RegLow
0	0.7573364162445091	0.016803771578150273	27	20
