	EffectiveMass	Error	RegUp	RegLow
0	0.7539887332916284	0.01980313850745504	27	20
