	EffectiveMass	Error	RegUp	RegLow
0	0.8058048629760768	0.01303687120078525	27	20
