	EffectiveMass	Error	RegUp	RegLow
0	0.5598734569549577	0.2721315913501845	24	19
