	EffectiveMass	Error	RegUp	RegLow
0	-0.41817443847656144	0.010644458041290874	26	19
