	EffectiveMass	Error	RegUp	RegLow
0	-0.3458599853515617	0.014800089926233747	26	19
