	EffectiveMass	Error	RegUp	RegLow
0	-0.36650390624999907	0.013982343362621007	26	19
