{
  "ensemble": "M2",
  "cmass": "0.340",
  "FF": "A0",
  "use_disp": true,
  "frozen": true,
  "reg_low": 5,
  "reg_up": 21,
  "chi2": 71.37641569305042,
  "ndof": 65,
  "chi2/dof": 1.0980987029700064,
  "pvalue": 0.27425571315620423,
  "T": 26.0,
  "mDs_gs": {
    "1": 0.9298403848051392,
    "2": 0.9468019318046196,
    "3": 0.9636483439079744,
    "4": 0.9791951953752954,
    "5": 0.9963727708939214
  },
  "mDs_es": {
    "1": 1.255059971983043,
    "2": 1.2290621839089972,
    "3": 1.234387341750519,
    "4": 1.2412364806374694,
    "5": 1.2604595186481506
  },
  "mBs_gs": 2.253303062434434,
  "mBs_es": 2.6453115545045063,
  "Z0_Ds": {
    "1": 5.507277733813552e-10,
    "2": 4.785370356006368e-10,
    "3": 4.21330937510859e-10,
    "4": 3.7287279217917284e-10,
    "5": 3.3682805376394136e-10
  },
  "Z1_Ds": {
    "1": 4.6040679001374964e-10,
    "2": 5.07785931802641e-10,
    "3": 5.353576080711248e-10,
    "4": 5.544503299617978e-10,
    "5": 5.625271850044615e-10
  },
  "Z0_Bs": 0.16290001535430165,
  "Z1_Bs": 0.43249433740115756
}