{
  "ensemble": "M2",
  "cmass": "0.340",
  "FF": "A1",
  "use_disp": true,
  "frozen": true,
  "reg_low": 5,
  "reg_up": 16,
  "chi2": 48.665403249398224,
  "ndof": 40,
  "chi2/dof": 1.2166350812349556,
  "pvalue": 0.16356175147972407,
  "T": 26.0,
  "mDs_gs": {
    "0": 0.9115453849790676,
    "1": 0.9298403848051392,
    "2": 0.9468019318046196,
    "4": 0.9791951953752954,
    "5": 0.9963727708939214
  },
  "mDs_es": {
    "0": 1.2727487262217996,
    "1": 1.255059971983043,
    "2": 1.2290621839089972,
    "4": 1.2412364806374694,
    "5": 1.2604595186481506
  },
  "mBs_gs": 2.253303062434434,
  "mBs_es": 2.6453115545045063,
  "Z0_Ds": {
    "0": 6.32916520845167e-10,
    "1": 5.507277733813552e-10,
    "2": 4.785370356006368e-10,
    "4": 3.7287279217917284e-10,
    "5": 3.3682805376394136e-10
  },
  "Z1_Ds": {
    "0": 2.588182364302446e-10,
    "1": 4.6040679001374964e-10,
    "2": 5.07785931802641e-10,
    "4": 5.544503299617978e-10,
    "5": 5.625271850044615e-10
  },
  "Z0_Bs": 0.16290001535430165,
  "Z1_Bs": 0.43249433740115756
}