	EffectiveMass	Error	RegUp	RegLow
0	0.27284817695617747	0.0038720526237253214	17	12
