	EffectiveMass	Error	RegUp	RegLow
0	0.22542311668396048	0.010477917148111925	17	12
