	EffectiveMass	Error	RegUp	RegLow
0	0.2739083194732672	0.0040215641413650395	17	12
