	EffectiveMass	Error	RegUp	RegLow
0	0.26049742698669487	0.005219003891831772	17	12
