	EffectiveMass	Error	RegUp	RegLow
0	0.294767503738404	0.00343089695870581	17	12
