	EffectiveMass	Error	RegUp	RegLow
0	0.21068022727966346	0.012868370540593062	17	12
