	EffectiveMass	Error	RegUp	RegLow
0	0.22956515312194875	0.010360241743108787	17	12
