	EffectiveMass	Error	RegUp	RegLow
0	0.2269622611999516	0.014014002824635122	17	12
