	EffectiveMass	Error	RegUp	RegLow
0	0.28319295883178774	0.004166860570036635	17	12
