	EffectiveMass	Error	RegUp	RegLow
0	0.27349055290222224	0.005689092408640791	17	12
