	EffectiveMass	Error	RegUp	RegLow
0	0.2623115158081061	0.005280159703916897	17	12
