	EffectiveMass	Error	RegUp	RegLow
0	0.34416743278503503	0.020199142943322868	16	12
