	EffectiveMass	Error	RegUp	RegLow
0	0.2436274051666265	0.011249304681351184	17	12
