	EffectiveMass	Error	RegUp	RegLow
0	0.3519561958312998	0.018942308449295807	16	12
