	EffectiveMass	Error	RegUp	RegLow
0	0.28721496582031314	0.0034945696845458483	17	12
