	EffectiveMass	Error	RegUp	RegLow
0	0.20839371681213414	0.013035041494687094	17	12
