	EffectiveMass	Error	RegUp	RegLow
0	2.2515855884552085	0.0010270209616164636	26	12
