	EffectiveMass	Error	RegUp	RegLow
0	2.2516261386871426	0.0010328957205123104	25	12
