	EffectiveMass	Error	RegUp	RegLow
0	2.2514876556396572	0.001425798385975135	25	12
