	EffectiveMass	Error	RegUp	RegLow
0	2.2509049320221033	0.0023347673420003796	26	19
