	pval	chisq
0	0.7303749523097784	4.419607985627579
