	pval	chisq
0	0.7861221502939808	3.9447199408689144
