	Amplitude	Mass	Error	RegUp	RegLow
0	3.534700132059296e-11	0.9436604733790241	0.002270602764967129	26	19
