	pval	chisq
0	0.749420846735843	4.259745464079045
