	pval	chisq
0	0.35989305691993023	7.698886152328993
