	Amplitude	Mass	Error	RegUp	RegLow
0	2.7938241112880267e-11	0.9792305469911369	0.00420567400423507	26	19
