	pval	chisq
0	0.7037697573262047	4.6402487263107846
