	Amplitude	Mass	Error	RegUp	RegLow
0	2.3955792567899368e-11	0.9256715376723124	0.005436923699046458	26	19
