	Amplitude	Mass	Error	RegUp	RegLow
0	4.01614519038967e-11	0.8502434419906403	0.0017710345414484237	26	19
