	Amplitude	Mass	Error	RegUp	RegLow
0	2.4951045927962202e-11	0.996016741118256	0.005236240146858936	26	19
