	Amplitude	Mass	Error	RegUp	RegLow
0	3.0051338697933286e-11	0.8882252587641315	0.0030725714938062768	26	19
