	pval	chisq
0	0.37322816843671247	7.557447670312913
