	Amplitude	Mass	Error	RegUp	RegLow
0	3.452954964701126e-11	0.8694458322085571	0.0022668106830437303	26	19
