	pval	chisq
0	0.952233158467487	2.1310332111708155
