	Amplitude	Mass	Error	RegUp	RegLow
0	4.7422525082203e-11	0.830703076181998	0.0014492886368486393	26	19
