	pval	chisq
0	0.8986602275664672	2.8484350049529343
