	Amplitude	Mass	Error	RegUp	RegLow
0	2.6995589700838574e-11	0.9077724079510138	0.004458594246532258	26	19
