	pval	chisq
0	0.7683873510430489	4.098306736090161
