	Amplitude	Mass	Error	RegUp	RegLow
0	4.850657048317832e-11	0.9086827790104112	0.0014878360724826694	26	19
