	pval	chisq
0	0.6866838804491688	4.780873613780415
