	Amplitude	Mass	Error	RegUp	RegLow
0	4.107796686301413e-11	0.9262373772880842	0.0018092668343851833	26	19
