	Amplitude	Mass	Error	RegUp	RegLow
0	1.0590503920037749e-26	1.019562741629804	30.84673961742532	26	19
