	Amplitude	Mass	Error	RegUp	RegLow
0	3.074046882812047e-11	0.9607071479218958	0.0029133582261754287	26	19
