	pval	chisq
0	0.882602907752943	3.0258256567504427
