	pval	chisq
0	0.8394943482226276	3.4595195380701056
