	EffectiveMass	Error	RegUp	RegLow
0	0.830826082229617	0.0014283167710093369	26	19
