	EffectiveMass	Error	RegUp	RegLow
0	0.8953926849365262	0.0012567162104390828	25	12
