	EffectiveMass	Error	RegUp	RegLow
0	0.8882345104217559	0.002975461186433177	26	19
