	EffectiveMass	Error	RegUp	RegLow
0	0.9483176136016875	0.0010366443245331477	25	12
