	EffectiveMass	Error	RegUp	RegLow
0	0.9436889076232942	0.002212078787594853	26	19
