	EffectiveMass	Error	RegUp	RegLow
0	0.8830765056610137	0.0013816938249606356	25	18
