	EffectiveMass	Error	RegUp	RegLow
0	0.9375261211395294	0.0025905707714323142	25	18
