	EffectiveMass	Error	RegUp	RegLow
0	0.8954035377502472	0.0012565165637157577	26	12
