	EffectiveMass	Error	RegUp	RegLow
0	0.9094682979583768	0.0011558455994573203	25	12
