	EffectiveMass	Error	RegUp	RegLow
0	0.9164281082153349	0.001565809347651353	25	12
