	EffectiveMass	Error	RegUp	RegLow
0	0.9293834018707305	0.0008995564838038852	25	12
