	EffectiveMass	Error	RegUp	RegLow
0	0.8521648216247588	0.0012930993930668694	25	12
