	EffectiveMass	Error	RegUp	RegLow
0	0.8324893951416042	0.0007924919603684448	25	12
