	EffectiveMass	Error	RegUp	RegLow
0	0.8537655544281035	0.0008936793464674197	25	12
