	EffectiveMass	Error	RegUp	RegLow
0	0.9129442310333282	0.002285459345827573	25	12
