	EffectiveMass	Error	RegUp	RegLow
0	0.9462452697753938	0.0015120810003082048	25	12
