	EffectiveMass	Error	RegUp	RegLow
0	0.9279382133483915	0.0013041325502337997	25	12
