	EffectiveMass	Error	RegUp	RegLow
0	0.9075592041015653	0.00432934131470851	26	19
