	EffectiveMass	Error	RegUp	RegLow
0	0.9356834602355986	0.0018442130267048889	25	12
