	EffectiveMass	Error	RegUp	RegLow
0	0.9669773292541535	0.0012319892888361119	25	12
