	EffectiveMass	Error	RegUp	RegLow
0	0.8747718429565459	0.0010415931650266778	26	12
