	EffectiveMass	Error	RegUp	RegLow
0	0.8694643878936796	0.0022268379461443237	26	19
