	EffectiveMass	Error	RegUp	RegLow
0	0.9669974613189729	0.001231173832103424	26	12
