	EffectiveMass	Error	RegUp	RegLow
0	0.9607508754730258	0.0028644093041794608	26	19
