	EffectiveMass	Error	RegUp	RegLow
0	0.9164859104156524	0.001565147097514027	26	12
