	EffectiveMass	Error	RegUp	RegLow
0	0.9294153499603304	0.0008979415893093836	26	12
