	EffectiveMass	Error	RegUp	RegLow
0	0.8537959289550809	0.0008925335473270634	26	12
