	EffectiveMass	Error	RegUp	RegLow
0	0.9993330383300811	0.002541237252684555	25	12
