	EffectiveMass	Error	RegUp	RegLow
0	0.872604646682742	0.0015230325847174373	25	12
