	EffectiveMass	Error	RegUp	RegLow
0	0.9103123950958281	0.000807017253922471	25	12
