	EffectiveMass	Error	RegUp	RegLow
0	0.8503484153747587	0.0017437637058747354	26	19
