	EffectiveMass	Error	RegUp	RegLow
0	0.8747611999511747	0.0010425750563181394	25	12
