	EffectiveMass	Error	RegUp	RegLow
0	0.8843723201751739	0.0011453072893902448	25	12
