	EffectiveMass	Error	RegUp	RegLow
0	0.935712184906009	0.0018435846633057889	26	12
