	EffectiveMass	Error	RegUp	RegLow
0	0.8314665603637723	0.0011288488384290612	25	12
