	EffectiveMass	Error	RegUp	RegLow
0	0.9860807704925567	0.0015092510476130121	25	12
