	EffectiveMass	Error	RegUp	RegLow
0	0.9087822818756133	0.0014910090863664643	26	19
