	EffectiveMass	Error	RegUp	RegLow
0	0.9314683055877717	0.0026647414376166647	25	12
