	EffectiveMass	Error	RegUp	RegLow
0	1.0036942768096957	0.0017622347397940666	25	12
