	EffectiveMass	Error	RegUp	RegLow
0	1.003741846084598	0.0017612651303223273	26	12
