	EffectiveMass	Error	RegUp	RegLow
0	0.925445098876956	0.00531153444986601	26	19
