	EffectiveMass	Error	RegUp	RegLow
0	0.977380247116092	0.0025747967821593476	25	12
