	EffectiveMass	Error	RegUp	RegLow
0	0.9483317470550567	0.001035034853005603	26	12
