	EffectiveMass	Error	RegUp	RegLow
0	0.9194892501831082	0.0020076619871068234	25	18
