	EffectiveMass	Error	RegUp	RegLow
0	0.832529602050784	0.0007906774369380872	26	12
