	EffectiveMass	Error	RegUp	RegLow
0	0.892816343307498	0.0018284256787584777	25	12
