	EffectiveMass	Error	RegUp	RegLow
0	0.910353250503543	0.0008048647475213742	26	12
