	EffectiveMass	Error	RegUp	RegLow
0	0.9791225433349642	0.004044199232974802	26	19
