	EffectiveMass	Error	RegUp	RegLow
0	0.9861500644683869	0.0015083312298722251	26	12
