	EffectiveMass	Error	RegUp	RegLow
0	0.9958288669586213	0.004909998134251568	26	19
