	EffectiveMass	Error	RegUp	RegLow
0	0.9013311195373566	0.0016286682373784992	25	18
