	EffectiveMass	Error	RegUp	RegLow
0	0.9263371562957794	0.001781744851865841	26	19
