	pval	chisq
0	0.9922874276087613	3.8919418597609092
