	Amplitude1	Amplitude2	Mass0	Mass1	DeltaM	Error	RegUp	RegLow
0	3.541000222890928e-11	0.00022459152536951873	0.8984217492205974	28.017225997119713	27.118804247899117	0.0012126093788027022	23	10
