	pval	chisq
0	0.7861973783318863	13.090024220532268
