	pval	chisq
0	0.7411519533086373	13.813710372353018
