	pval	chisq
0	0.7319002463655542	9.529262631369887
