	chi2	dof	p-val
0	44.18402520160609	36	0.16426523661382375
