	chi2	dof	p-val
0	35.93825465082047	36	0.4715397243772689
