	pval	chisq
0	0.4255504843737916	18.46324468949329
