	pval	chisq
0	0.42357571247212267	13.317783429460013
