	pval	chisq
0	0.33546692760378183	19.953089048316098
