	Amplitude1	Amplitude2	Mass0	Mass1	DeltaM	Error	RegUp	RegLow
0	4.3927057094601336e-11	-0.00047917364021462264	0.8558985314422137	118.17009114827194	117.31419261682973	0.0018456536950402953	23	10
