	Amplitude1	Amplitude2	Mass0	Mass1	DeltaM	Error	RegUp	RegLow
0	3.920211046530727e-11	-6.496982122642536e-05	0.8773865550353583	18.790078932591868	17.91269237755651	0.0009845967102886787	23	10
