	Amplitude1	Amplitude2	Mass0	Mass1	DeltaM	Error	RegUp	RegLow
0	2.364725371308998e-11	1.9317648828432425e-11	0.9515217859714428	1.0692156623580427	0.11769387638659999	0.07010171493468315	23	10
