	pval	chisq
0	0.48914234583129135	17.49816153979945
