	Amplitude1	Amplitude2	Mass0	Mass1	DeltaM	Error	RegUp	RegLow
0	7.791629240021145e-12	2.9099307745509593e-11	0.8724159709101641	0.9560753748358539	0.08365940392568984	0.034815120109148265	23	10
