	chi2	dof	p-val
0	39.894740502986004	36	0.3010415896430916
