	Amplitude1	Amplitude2	Mass0	Mass1	DeltaM	Error	RegUp	RegLow
0	3.542041811810912e-11	1.6102089736458398e-11	0.9209918928187973	1.0443914141415729	0.12339952132277547	0.07383049231350731	23	10
