	chi2	dof	p-val
0	32.01940914696146	36	0.6584371305251517
