	Amplitude1	DeltaA1	Amplitude2	DeltaA2	Mass0	DeltaM0	Mass1	DeltaM1	DeltaM	DeltaDm	RegUp	RegLow
0	2.6177760913041727e-11	1.1868207321516715e-12	2.7920190883930814e-11	25.023053002188426	0.9993208759955958	0.002923736666016401	1.313145479244062	0.035933730721640966	0.31382460324846617	7.858158038290805	23	5
