	pval	chisq
0	0.9996447498732278	2.1673835545303155
