	pval	chisq
0	0.7352020662469956	13.905938946771231
