	pval	chisq
0	0.004405756790975324	30.20077722899872
