	chi2	dof	p-val
0	124.1979947161738	36	1.252042913790774e-11
