	pval	chisq
0	0.9994031970429336	2.3803615582736515
