	chi2	dof	p-val
0	33.039363367070315	36	0.6101642951532904
