	chi2	dof	p-val
0	32.52862157706928	36	0.6344761286663541
