	pval	chisq
0	0.4777768579465186	12.617436450823245
