	pval	chisq
0	0.9933286312424832	3.778356228452822
