	pval	chisq
0	0.4669479980119313	12.754509005012942
