	chi2	dof	p-val
0	34.75783948255175	36	0.5275894940442756
