	Amplitude1	Amplitude2	Mass0	Mass1	DeltaM	Error	RegUp	RegLow
0	1.2002081769801633e-11	3.757297674950706e-12	2.2460016643396816	2.2827934581794205	0.03679179383973905	0.06314400468979345	23	10
