	chi2	dof	p-val
0	41.44820356673544	36	0.2450958135121637
