	pval	chisq
0	0.0009713257363861416	34.61083093249022
