	pval	chisq
0	0.798585187962735	12.88114090588215
