	pval	chisq
0	0.48835738349643	17.509789024301277
