	pval	chisq
0	0.9984836428085362	2.829068320065558
