	pval	chisq
0	0.39775395496158295	18.904056059504146
