	chi2	dof	p-val
0	32.62530504296155	36	0.6298923501854847
