	chi2	dof	p-val
0	38.00808962946556	36	0.378012021381656
