	chi2	dof	p-val
0	35.55783239537414	36	0.4894591429016958
