	Amplitude1	Amplitude2	Mass0	Mass1	DeltaM	Error	RegUp	RegLow
0	3.960506207006754e-11	4.3828486110990885e-05	0.9509101478381248	11.982114359597517	11.031204211759393	0.0009530437674348092	23	10
