	Amplitude1	Amplitude2	Mass0	Mass1	DeltaM	Error	RegUp	RegLow
0	4.35248632020879e-11	1.3994316162518279e-11	0.8274628042459676	0.9778687967955508	0.15040599254958315	0.08526954640515559	23	10
