	pval	chisq
0	0.0024275992602152963	31.96928765978389
