	Amplitude1	Amplitude2	Mass0	Mass1	DeltaM	Error	RegUp	RegLow
0	9.755580755509385e-12	2.5235676553088074e-11	0.8980044660982904	0.9901654120889377	0.09216094599064732	0.04662668810273252	23	10
