	pval	chisq
0	0.6460463771809228	15.231044417947937
