	Amplitude1	Amplitude2	Mass0	Mass1	DeltaM	Error	RegUp	RegLow
0	4.470120915424936e-11	1.3384681846336648e-11	0.9056039652211079	1.05607574137118	0.15047177615007226	0.0872441573583476	23	10
