	chi2	dof	p-val
0	36.043947625405	36	0.46659224318361514
