	pval	chisq
0	0.0007521631436441245	35.33408538795325
