	Amplitude1	Amplitude2	Mass0	Mass1	DeltaM	Error	RegUp	RegLow
0	1.4070585012958936e-11	2.336301209772258e-11	0.9581498217198248	1.0442162367237282	0.08606641500390354	0.05607975663325436	23	10
