	pval	chisq
0	0.1840480402970912	10.080667139731224
