	pval	chisq
0	0.787659991504642	3.9312603986843673
