	pval	chisq
0	0.6092962122089344	5.416314154231125
