	pval	chisq
0	0.6249706778687303	5.287109654257859
