	pval	chisq
0	0.6919041198711882	4.737970867921676
