	pval	chisq
0	0.6864504612410852	4.78279092948523
