	pval	chisq
0	0.8256092636015459	3.589940955248425
