	pval	chisq
0	0.6092962122089343	5.416314154231126
