	pval	chisq
0	0.18404804029709088	10.080667139731226
