	pval	chisq
0	0.691904119871188	4.737970867921675
