	pval	chisq
0	0.7205172080359092	4.501661365674259
