	pval	chisq
0	0.6570587104037431	5.023799659437144
