	pval	chisq
0	0.6864504612410852	4.7827909294852295
