	pval	chisq
0	0.8343299630142985	3.508447135388237
