	pval	chisq
0	0.0948946316987419	12.176734010483509
