	pval	chisq
0	0.8343299630142986	3.508447135388236
