	pval	chisq
0	0.2001524710844178	9.800688037322235
