	pval	chisq
0	0.8825978918021158	3.025879418153655
