	pval	chisq
0	0.09489463169874202	12.176734010483505
