	pval	chisq
0	0.825609263601546	3.5899409552484243
