	EffectiveMass	Error	RegUp	RegLow
0	0.3099530029296883	0.005994175844505022	26	20
