	EffectiveMass	Error	RegUp	RegLow
0	0.31046325683593823	0.005660428006000999	23	16
