	EffectiveMass	Error	RegUp	RegLow
0	0.3275769042968758	0.004454551871023689	23	16
