	EffectiveMass	Error	RegUp	RegLow
0	0.3283990478515634	0.004875640071074863	25	18
