	EffectiveMass	Error	RegUp	RegLow
0	0.30788024902343825	0.008581989911569951	26	20
