	EffectiveMass	Error	RegUp	RegLow
0	0.3204504394531259	0.00544023447805802	26	20
