	EffectiveMass	Error	RegUp	RegLow
0	0.3312017822265634	0.005125014196138687	26	20
