	EffectiveMass	Error	RegUp	RegLow
0	0.30290161132812576	0.007495539962549196	25	18
