	EffectiveMass	Error	RegUp	RegLow
0	0.29267429351806706	0.01660356900052691	25	18
