	EffectiveMass	Error	RegUp	RegLow
0	0.2950518798828131	0.008227486714256911	26	20
