	EffectiveMass	Error	RegUp	RegLow
0	0.3172631835937508	0.005085571790637559	25	18
