	EffectiveMass	Error	RegUp	RegLow
0	0.29032226562500074	0.007396543402274779	25	18
