	EffectiveMass	Error	RegUp	RegLow
0	0.30411795616149984	0.015917021140041954	25	18
