	EffectiveMass	Error	RegUp	RegLow
0	0.3853113269805919	0.012506595831010664	23	18
