	EffectiveMass	Error	RegUp	RegLow
0	0.34478984832763754	0.023131718077119588	23	18
