	EffectiveMass	Error	RegUp	RegLow
0	0.33238391876220785	0.02118776330903583	23	18
