	EffectiveMass	Error	RegUp	RegLow
0	0.4008182811737072	0.010749272365625128	23	18
