	EffectiveMass	Error	RegUp	RegLow
0	0.312127294540406	0.022474733992392956	23	18
