	EffectiveMass	Error	RegUp	RegLow
0	0.4073163127899182	0.011041249427024866	23	18
