	EffectiveMass	Error	RegUp	RegLow
0	0.334891424179078	0.01978443192698665	23	18
