	EffectiveMass	Error	RegUp	RegLow
0	0.37330840110778907	0.013510095232321283	23	18
