	EffectiveMass	Error	RegUp	RegLow
0	0.38872767448425405	0.011379794857564934	23	18
