	EffectiveMass	Error	RegUp	RegLow
0	0.3699426555633556	0.01242530444811756	23	18
