	EffectiveMass	Error	RegUp	RegLow
0	0.415601272583009	0.009848139673519586	23	18
