	EffectiveMass	Error	RegUp	RegLow
0	0.3669238662719737	0.028478541470220987	24	19
