	EffectiveMass	Error	RegUp	RegLow
0	0.34066647529602134	0.023379544915474584	23	18
