	EffectiveMass	Error	RegUp	RegLow
0	0.3911186981201182	0.011865960252261979	23	18
