	EffectiveMass	Error	RegUp	RegLow
0	0.3584294700622569	0.021766722005115646	23	18
