	EffectiveMass	Error	RegUp	RegLow
0	0.4248890495300305	0.009059936030572112	23	18
