	EffectiveMass	Error	RegUp	RegLow
0	0.4361649036407482	0.008039713351992828	23	18
