	EffectiveMass	Error	RegUp	RegLow
0	0.4204021072387707	0.00846679099877055	23	18
