	EffectiveMass	Error	RegUp	RegLow
0	0.37090641975402927	0.026530484904783123	23	18
