	EffectiveMass	Error	RegUp	RegLow
0	0.41258282661438095	0.010468981125169313	23	18
