	EffectiveMass	Error	RegUp	RegLow
0	0.41128510475158797	0.01111826429941394	23	18
