	EffectiveMass	Error	RegUp	RegLow
0	0.38132876396179294	0.02080642230973352	23	18
