	EffectiveMass	Error	RegUp	RegLow
0	0.37653688430786225	0.021216224076810918	23	18
