	EffectiveMass	Error	RegUp	RegLow
0	0.3634517669677745	0.025602643986003946	23	18
