	EffectiveMass	Error	RegUp	RegLow
0	0.36086577415466414	0.020484619847082212	23	18
