	EffectiveMass	Error	RegUp	RegLow
0	0.404463167190553	0.010341518711372674	23	18
