	EffectiveMass	Error	RegUp	RegLow
0	0.34989632606506427	0.025674369503443793	23	18
