	EffectiveMass	Error	RegUp	RegLow
0	0.43442263603210574	0.006774017051128916	23	18
