	EffectiveMass	Error	RegUp	RegLow
0	0.4240642833709728	0.008051171218974423	23	18
