	EffectiveMass	Error	RegUp	RegLow
0	0.3106542968750007	0.006986392273294165	23	16
