	EffectiveMass	Error	RegUp	RegLow
0	0.3171856689453133	0.007377180278935829	23	16
