	EffectiveMass	Error	RegUp	RegLow
0	0.30202697753906316	0.007500947493429374	23	16
