Ensemble,FF,chi2,dof,pvalue,c0,c0_err,c1,c1_err,c2,c2_err,c3,c3_err,phys_central_nsq0,phys_err_nsq0,phys_central_nsq1,phys_err_nsq1,phys_central_nsq2,phys_err_nsq2,phys_central_nsq4,phys_err_nsq4,phys_central_nsq5,phys_err_nsq5
M1,A1,8.209103396239593,6,0.22318069883274372,0.376526208341118,0.01731506166907273,0.03979398679349908,0.021070228083634904,-0.04143932407273284,0.006324643913723339,0.024441652457735493,0.005958852633391969,0.41170681095401507,0.009140740321604656,0.3971183680024937,0.010262158208967205,0.3858047487985751,0.012118476519845947,0.37006388224037895,0.01719480311204295,0.36638089226473525,0.020492564014026774
