Ensemble,FF,chi2,dof,pvalue,c0,c0_err,c1,c1_err,c2,c2_err,c3,c3_err,phys_central_nsq1,phys_err_nsq1,phys_central_nsq2,phys_err_nsq2,phys_central_nsq3,phys_err_nsq3,phys_central_nsq4,phys_err_nsq4,phys_central_nsq5,phys_err_nsq5
M1,A0,2.864820636071544,6,0.8256120457507333,0.184259835044491,0.010700773199749034,0.12240076879076445,0.013704265565801005,-0.039871894583624855,0.003764726397336057,0.023398486714908805,0.003972221618299776,0.28518429979921406,0.0071259170872514065,0.2803534890434677,0.008347611177712874,0.2777383154065068,0.010124531819386457,0.27489382229686427,0.012213956255668347,0.2760860896755226,0.014850867960904275
