Ensemble,FF,chi2,dof,pvalue,c0,c0_err,c1,c1_err,c2,c2_err,c3,c3_err,phys_central_nsq1,phys_err_nsq1,phys_central_nsq2,phys_err_nsq2,phys_central_nsq3,phys_err_nsq3,phys_central_nsq4,phys_err_nsq4,phys_central_nsq5,phys_err_nsq5
M1,V,4.1621583855163875,6,0.6547424438770109,1.0718855913288357,0.04638440040950656,-0.4574750394457205,0.044911542200951386,-0.10537816916414008,0.015160734949410505,0.09151888809123608,0.01371352354792445,0.6131085408776792,0.019838716346756814,0.5759224526708286,0.021757168252541693,0.5533647833693185,0.02496420387737986,0.5445324419845882,0.028973737440613843,0.5451399788303738,0.03423898289310857
