	EffectiveMass	Error	RegUp	RegLow
0	1.92498840332032	0.0012644017633746268	25	18
