	EffectiveMass	Error	RegUp	RegLow
0	1.9247597217559889	0.0014149872301915094	26	19
