	EffectiveMass	Error	RegUp	RegLow
0	1.9249886512756422	0.0012688031449977512	25	18
