	EffectiveMass	Error	RegUp	RegLow
0	1.9252226257324292	0.0020980676134175866	25	10
