	EffectiveMass	Error	RegUp	RegLow
0	1.924991788864143	0.0012687029112616497	26	18
