	Amplitude	Mass	Error	RegUp	RegLow
0	7.343858090131596e-14	0.8110593134115102	0.0016222300703703622	26	19
