	Amplitude	Mass	Error	RegUp	RegLow
0	-2.520532522388191e-25	1.0193039553732464	8.917797979630508	26	19
