	pval	chisq
0	0.9760135259785979	1.6656865362927007
