	pval	chisq
0	0.8270407275796376	4.321228707951375
