	Amplitude	Mass	Error	RegUp	RegLow
0	9.231784828093298e-14	0.7811917561495794	0.00116138646929534	26	19
