	pval	chisq
0	0.8119038470902719	4.475252851087874
