	pval	chisq
0	0.9892637230215734	1.2684814798116515
