	pval	chisq
0	0.9738891416621291	1.7157327097172492
