	Amplitude	Mass	Error	RegUp	RegLow
0	9.881784124466506e-14	0.7342957197081409	0.0010292076921706937	26	19
