	pval	chisq
0	0.9470669955791653	2.2137782574800213
