	pval	chisq
0	0.9591423197446152	2.012553005452249
