	Amplitude	Mass	Error	RegUp	RegLow
0	1.0026228016961764e-13	0.7708054382207494	0.0010471880822295503	26	19
