	pval	chisq
0	0.7301647728157963	5.253547005296879
