	Amplitude	Mass	Error	RegUp	RegLow
0	9.081918262871245e-14	0.7451429168590116	0.0011522723149099963	27	19
