	pval	chisq
0	0.98468090706635	1.4285438943642892
