	Amplitude	Mass	Error	RegUp	RegLow
0	7.847670769385922e-14	0.7809250584189849	0.00145406080137391	26	19
