	Amplitude	Mass	Error	RegUp	RegLow
0	6.823968769755556e-14	0.8206936922686721	0.0018251153971052707	26	19
