	pval	chisq
0	0.972186986512339	1.7541654580144794
