	Amplitude	Mass	Error	RegUp	RegLow
0	7.23918941348383e-14	0.776674771683095	0.0016524820197907687	27	19
