	pval	chisq
0	0.8095343537478374	4.498987925744495
