	pval	chisq
0	0.9915040062673047	1.1744194541671964
