	pval	chisq
0	0.9362632062570355	2.3742735019181196
