	pval	chisq
0	0.989291783542172	1.2673828159530738
