	Amplitude	Mass	Error	RegUp	RegLow
0	7.891399742224149e-14	0.8014204161672769	0.0014534313811296478	26	19
