	Amplitude	Mass	Error	RegUp	RegLow
0	7.306038058180003e-14	0.790835468773521	0.00162658658121698	26	19
