	Amplitude	Mass	Error	RegUp	RegLow
0	6.793528596670765e-14	0.8007724999240359	0.001836246611114978	26	19
