	pval	chisq
0	0.9823727076332254	1.4981769185688536
