	Amplitude	Mass	Error	RegUp	RegLow
0	8.525208632677857e-14	0.7914037067183816	0.0012938008968679203	26	19
