	Amplitude	Mass	Error	RegUp	RegLow
0	7.789369374671601e-14	0.7666920663126032	0.001472345917538551	27	19
