	Amplitude	Mass	Error	RegUp	RegLow
0	9.947205537351969e-14	0.7492877421315829	0.0010365135748554852	26	19
