	pval	chisq
0	0.8155613690291033	4.438425491201046
