	Amplitude	Mass	Error	RegUp	RegLow
0	8.470903930800554e-14	0.7705798536642833	0.0012904025674636505	26	19
