	pval	chisq
0	0.9673994602709497	1.8555790639085787
