	Amplitude	Mass	Error	RegUp	RegLow
0	8.397074044160643e-14	0.7559933866492697	0.0012980244507412452	27	19
