	pval	chisq
0	0.9868667601600696	1.3564920551824007
