	Amplitude	Mass	Error	RegUp	RegLow
0	9.855952256733045e-14	0.7341302561077933	0.0010310407158458561	27	19
