	Amplitude	Mass	Error	RegUp	RegLow
0	6.747258675483175e-14	0.7870049979616391	0.0018752212258079102	27	19
