	Amplitude	Mass	Error	RegUp	RegLow
0	9.165895969422062e-14	0.7600294808016776	0.001153692673302225	26	19
