	pval	chisq
0	0.6574709341104004	5.908586321909863
