	EffectiveMass	Error	RegUp	RegLow
0	0.781623735427859	0.0013897203231159553	25	18
