	EffectiveMass	Error	RegUp	RegLow
0	0.7713494491577173	0.0010162570344221628	25	18
