	EffectiveMass	Error	RegUp	RegLow
0	0.8213460254669216	0.0017320994948821326	25	18
