	EffectiveMass	Error	RegUp	RegLow
0	0.7346426868438745	0.0009975961475355434	26	18
