	EffectiveMass	Error	RegUp	RegLow
0	0.8108946418762233	0.0016232581341761058	26	19
