	EffectiveMass	Error	RegUp	RegLow
0	0.8116976833343532	0.001547323735749346	25	18
