	EffectiveMass	Error	RegUp	RegLow
0	0.7774752140045191	0.0015635861860192116	26	18
