	EffectiveMass	Error	RegUp	RegLow
0	0.7348303222656272	0.0010002016126835224	25	18
