	EffectiveMass	Error	RegUp	RegLow
0	0.7915196323394802	0.0015559570286974476	26	18
