	EffectiveMass	Error	RegUp	RegLow
0	0.8014021301269558	0.001450336310302858	26	19
