	EffectiveMass	Error	RegUp	RegLow
0	0.786929435729983	0.0018548463867749277	26	19
