	EffectiveMass	Error	RegUp	RegLow
0	0.7774560546875026	0.001558207271370839	25	18
