	EffectiveMass	Error	RegUp	RegLow
0	0.7809133434295679	0.001451066686754787	26	19
