	EffectiveMass	Error	RegUp	RegLow
0	0.7810484123230006	0.0012202527464470149	26	19
