	EffectiveMass	Error	RegUp	RegLow
0	0.7774562931060816	0.001563612423306549	25	18
