	EffectiveMass	Error	RegUp	RegLow
0	0.7567414760589624	0.0012406598234377083	25	18
