	EffectiveMass	Error	RegUp	RegLow
0	0.781787090301516	0.001120064418833226	25	18
