	EffectiveMass	Error	RegUp	RegLow
0	0.8015833759307889	0.0017238105902965828	32	18
