	EffectiveMass	Error	RegUp	RegLow
0	0.8020977497100856	0.0013869119579684424	25	18
