	EffectiveMass	Error	RegUp	RegLow
0	0.7704742813110377	0.0012851133710495132	26	19
