	EffectiveMass	Error	RegUp	RegLow
0	0.8014718818664577	0.0017464569466773116	25	18
