	EffectiveMass	Error	RegUp	RegLow
0	0.7912896919250514	0.00516860167457011	25	18
