	EffectiveMass	Error	RegUp	RegLow
0	0.7876568794250514	0.00175837802366507	25	18
