	EffectiveMass	Error	RegUp	RegLow
0	0.7604725074768091	0.0011120331327035104	26	18
