	EffectiveMass	Error	RegUp	RegLow
0	0.8007670974731471	0.001884098361777733	26	19
