	EffectiveMass	Error	RegUp	RegLow
0	0.7472182083129906	0.0030351000559028407	25	18
