	EffectiveMass	Error	RegUp	RegLow
0	0.7711569309234645	0.0012401114447174366	26	18
