	EffectiveMass	Error	RegUp	RegLow
0	0.7711630630493189	0.0010103246462593645	26	18
