	EffectiveMass	Error	RegUp	RegLow
0	0.7816363048553492	0.0011170075082029694	26	18
