	EffectiveMass	Error	RegUp	RegLow
0	0.7491479301452659	0.001028185665780622	26	19
