	EffectiveMass	Error	RegUp	RegLow
0	0.8021575641632108	0.0013865699030819261	26	18
