	EffectiveMass	Error	RegUp	RegLow
0	0.7906668376922634	0.0016293445277513346	26	19
