	EffectiveMass	Error	RegUp	RegLow
0	0.8108946418762233	0.001655068115969236	26	19
