	EffectiveMass	Error	RegUp	RegLow
0	0.7686424636840843	0.003046207953780513	25	18
