	EffectiveMass	Error	RegUp	RegLow
0	0.7323033046722436	0.0030307833919768165	25	18
