	EffectiveMass	Error	RegUp	RegLow
0	0.734830598831179	0.0010033960776281356	25	18
