	EffectiveMass	Error	RegUp	RegLow
0	0.770660953521731	0.0010384927036011496	26	19
