	EffectiveMass	Error	RegUp	RegLow
0	0.8016845130920438	0.0017431361445440887	26	18
