	EffectiveMass	Error	RegUp	RegLow
0	0.764790945053103	0.0043524490009132525	25	18
