	EffectiveMass	Error	RegUp	RegLow
0	0.7816897583007838	0.001389303089134385	26	18
