	EffectiveMass	Error	RegUp	RegLow
0	0.7914972496032742	0.0015412056719861194	32	18
