	EffectiveMass	Error	RegUp	RegLow
0	0.7766012382507348	0.001635330923500829	26	19
