	EffectiveMass	Error	RegUp	RegLow
0	0.7605051994323755	0.0010774658011954068	32	18
