	EffectiveMass	Error	RegUp	RegLow
0	0.7457342529296899	0.0011094153975156548	26	18
