	EffectiveMass	Error	RegUp	RegLow
0	0.7673809814453149	0.0013879301376106437	25	18
