	EffectiveMass	Error	RegUp	RegLow
0	0.7772910881042505	0.005211786665128972	25	18
