	EffectiveMass	Error	RegUp	RegLow
0	0.74515187263489	0.0011416789439347569	26	19
