	EffectiveMass	Error	RegUp	RegLow
0	0.8206757354736354	0.001831324019989548	26	19
