	EffectiveMass	Error	RegUp	RegLow
0	0.7559832763671898	0.0012834671033276162	26	19
