	EffectiveMass	Error	RegUp	RegLow
0	0.8014021301269558	0.0015009473014813777	26	19
