	EffectiveMass	Error	RegUp	RegLow
0	0.7566707420349146	0.0012401158233862812	26	18
