	EffectiveMass	Error	RegUp	RegLow
0	0.7892646121978784	0.0037829321022009275	25	18
