	EffectiveMass	Error	RegUp	RegLow
0	0.7712294101715111	0.0012406884682143369	25	18
