	EffectiveMass	Error	RegUp	RegLow
0	0.8017091655731228	0.00584173195834976	25	18
