	EffectiveMass	Error	RegUp	RegLow
0	0.7666623210907006	0.0014529144267404206	26	19
