	EffectiveMass	Error	RegUp	RegLow
0	0.7341573429107688	0.001021830563445493	26	19
