	EffectiveMass	Error	RegUp	RegLow
0	0.7712345027923608	0.0012093592265654868	32	18
