	EffectiveMass	Error	RegUp	RegLow
0	0.8206757354736354	0.001869040929006068	26	19
