	EffectiveMass	Error	RegUp	RegLow
0	0.8114128208160427	0.005113287345071322	25	18
