	EffectiveMass	Error	RegUp	RegLow
0	0.7598872470855735	0.001145994803123596	26	19
