	EffectiveMass	Error	RegUp	RegLow
0	0.7606250286102318	0.001115124767289129	25	18
