	EffectiveMass	Error	RegUp	RegLow
0	0.8117174720764186	0.0015472938769453648	26	18
