	EffectiveMass	Error	RegUp	RegLow
0	0.7790019798278833	0.0033766331890022062	25	18
