	EffectiveMass	Error	RegUp	RegLow
0	0.8215625000000026	0.005759104653926943	25	18
