	EffectiveMass	Error	RegUp	RegLow
0	0.7540113067626977	0.003795624181351937	25	18
