	EffectiveMass	Error	RegUp	RegLow
0	0.7818234348297144	0.0013645686276240003	32	18
