	EffectiveMass	Error	RegUp	RegLow
0	0.7496406745910669	0.0010024166365764458	26	18
