	EffectiveMass	Error	RegUp	RegLow
0	0.7704742813110377	0.0013461041445251884	26	19
