	EffectiveMass	Error	RegUp	RegLow
0	0.7458868408203149	0.0011082950278981916	25	18
