	EffectiveMass	Error	RegUp	RegLow
0	0.7809133434295679	0.0015053935977717252	26	19
