	EffectiveMass	Error	RegUp	RegLow
0	0.767381048202517	0.0013928464733772353	25	18
