	EffectiveMass	Error	RegUp	RegLow
0	0.7567413330078149	0.0012360388097313127	25	18
