	EffectiveMass	Error	RegUp	RegLow
0	0.7684716320037868	0.003788236092047683	25	18
