	EffectiveMass	Error	RegUp	RegLow
0	0.8007670974731471	0.0018440043676952174	26	19
