	EffectiveMass	Error	RegUp	RegLow
0	0.7879003143310572	0.005904197667608121	25	18
