	EffectiveMass	Error	RegUp	RegLow
0	0.7912967300415066	0.0012891104922388397	26	19
