	EffectiveMass	Error	RegUp	RegLow
0	0.7878821277618433	0.0017546416889921914	26	18
