	EffectiveMass	Error	RegUp	RegLow
0	0.8215440845489528	0.0017292300117410777	26	18
