	EffectiveMass	Error	RegUp	RegLow
0	0.7432268238067652	0.003370945187933856	25	18
