	EffectiveMass	Error	RegUp	RegLow
0	0.787656860351565	0.0017521019618211761	25	18
