	EffectiveMass	Error	RegUp	RegLow
0	0.791971397399905	0.00124153283506958	26	18
