	EffectiveMass	Error	RegUp	RegLow
0	0.7995500946044949	0.004308491140634231	25	18
