	EffectiveMass	Error	RegUp	RegLow
0	0.7491479301452659	0.0011098496396567386	26	19
