	EffectiveMass	Error	RegUp	RegLow
0	0.7906668376922634	0.0016630034179847535	26	19
