	EffectiveMass	Error	RegUp	RegLow
0	0.7920439624786404	0.0012421203802111256	25	18
