	EffectiveMass	Error	RegUp	RegLow
0	0.7810484123230006	0.0011536114611653927	26	19
