	EffectiveMass	Error	RegUp	RegLow
0	0.7790459251403834	0.004332441982077631	25	18
