	EffectiveMass	Error	RegUp	RegLow
0	0.770660953521731	0.001116902545321104	26	19
