	EffectiveMass	Error	RegUp	RegLow
0	0.7498284149169946	0.0010083137873871013	25	18
