	EffectiveMass	Error	RegUp	RegLow
0	0.757904729843142	0.0033720954487080216	25	18
