	EffectiveMass	Error	RegUp	RegLow
0	0.7674533462524438	0.0013923356549092065	26	18
