	EffectiveMass	Error	RegUp	RegLow
0	0.7915018463134792	0.0015559874071857781	25	18
