	EffectiveMass	Error	RegUp	RegLow
0	0.7912967300415066	0.0013468737255533836	26	19
