	EffectiveMass	Error	RegUp	RegLow
0	0.7458867835998559	0.0011124695338206312	25	18
