	EffectiveMass	Error	RegUp	RegLow
0	0.7496561622619651	0.0009650072519758164	32	18
