	EffectiveMass	Error	RegUp	RegLow
0	0.7598872470855735	0.0012156223148437572	26	19
