	pval	chisq
0	0.7752549961133445	13.270569583642327
