	pval	chisq
0	0.9987181969712093	2.7411457283256584
