	chi2	dof	p-val
0	32.66375581435577	26	0.17207817161220573
