	Amplitude1	Amplitude2	Mass0	Mass1	DeltaM	Error	RegUp	RegLow
0	9.064748410846799e-14	3.833897359203516e-14	0.7597452205888613	0.9808083739806888	0.2210631533918275	0.07567990493808409	23	10
