	chi2	dof	p-val
0	25.722484935754732	30	0.6892177833818274
