	pval	chisq
0	0.2658157736003981	21.27399390449396
