	chi2	dof	p-val
0	34.80983318673461	26	0.11582283013020267
