	pval	chisq
0	0.9593643344551233	5.604726857481216
