	Amplitude1	Amplitude2	Mass0	Mass1	DeltaM	Error	RegUp	RegLow
0	7.27116408095513e-14	5.2288526953654255e-14	0.7909465934975296	1.0467417867962425	0.2557951932987129	0.06604802466702492	23	10
