	pval	chisq
0	0.9914642115090404	3.9740585609776273
