	chi2	dof	p-val
0	24.985847978032886	26	0.5197764390071999
