	chi2	dof	p-val
0	37.189721924859725	26	0.07186234825850046
