	chi2	dof	p-val
0	32.43008176782958	30	0.3477996674191177
