	chi2	dof	p-val
0	35.80787081529536	26	0.09525957634315962
