	chi2	dof	p-val
0	74.3365868530993	36	0.00017783706714702419
