	pval	chisq
0	0.789964719698294	13.027030468302087
