	chi2	dof	p-val
0	53.05642741759024	30	0.005845978523829731
