	pval	chisq
0	0.9824967218568154	4.627968778304384
