	chi2	dof	p-val
0	77.65286884167644	36	6.899409742278095e-05
