	pval	chisq
0	0.9628253043259377	5.487928680458452
