	Amplitude1	Amplitude2	Mass0	Mass1	DeltaM	Error	RegUp	RegLow
0	8.401614882085022e-14	4.309645014335015e-14	0.770421028119691	1.0051741042136824	0.2347530760939914	0.07121317433372412	23	10
