	pval	chisq
0	0.9884343005775702	7.188903363300264
