	pval	chisq
0	0.9985961712055552	2.788305532351382
