	chi2	dof	p-val
0	83.69325802304976	36	1.1462323350031056e-05
