	pval	chisq
0	0.16139948133774484	23.80858284129882
