	chi2	dof	p-val
0	29.52827504474011	26	0.28761261949931394
