	pval	chisq
0	0.9916455857128139	3.956477890966803
