	pval	chisq
0	0.9830127733095619	4.597879074721002
