	Amplitude1	Amplitude2	Mass0	Mass1	DeltaM	Error	RegUp	RegLow
0	7.840688776705308e-14	4.725885526325332e-14	0.8013306533551597	1.045400200803922	0.2440695474487624	0.06766526502792032	23	10
