	Amplitude1	Amplitude2	Mass0	Mass1	DeltaM	Error	RegUp	RegLow
0	8.463423166922722e-14	4.294471292707678e-14	0.7912627569655842	1.0270665606502662	0.23580380368468212	0.07140724751942586	23	10
