	chi2	dof	p-val
0	79.45722186901129	36	4.073065644871754e-05
