	chi2	dof	p-val
0	52.722382291087264	30	0.006359338154095617
