	pval	chisq
0	0.4100524320572436	18.70729335158976
