	chi2	dof	p-val
0	38.29643466543064	26	0.0568275414950683
