	Amplitude1	Amplitude2	Mass0	Mass1	DeltaM	Error	RegUp	RegLow
0	9.137292986782806e-14	3.781091055517553e-14	0.7809210725470322	1.0018054244237915	0.22088435187675923	0.0778040973362733	23	10
