	chi2	dof	p-val
0	29.72464620624287	26	0.27917537529737735
