	pval	chisq
0	0.5703374013333382	16.318391059620264
