	pval	chisq
0	0.152159894133585	24.088184413554874
