	pval	chisq
0	0.7252950529382814	14.05811478235162
