	chi2	dof	p-val
0	69.26022914011727	36	0.0007139713508016454
