	chi2	dof	p-val
0	44.12323074433265	30	0.04648001673267732
