	chi2	dof	p-val
0	24.405537484049674	26	0.5527881354231637
