	chi2	dof	p-val
0	32.99980388878479	26	0.16210366476309412
