	Amplitude1	Amplitude2	Mass0	Mass1	DeltaM	Error	RegUp	RegLow
0	6.750126218315255e-14	5.402394534200804e-14	0.8008491389616407	1.0541689625713095	0.2533198236096689	0.06331998685356477	23	10
