	pval	chisq
0	0.9641755069511732	5.440455105957182
