	chi2	dof	p-val
0	23.51033476641519	24	0.4898640218426046
