	chi2	dof	p-val
0	35.42441712913635	26	0.10277315731234038
