	Amplitude1	Amplitude2	Mass0	Mass1	DeltaM	Error	RegUp	RegLow
0	7.792970964745693e-14	4.712753349582306e-14	0.780835411786342	1.0236004393091476	0.24276502752280554	0.06700701806612828	23	10
