	Amplitude1	Amplitude2	Mass0	Mass1	DeltaM	Error	RegUp	RegLow
0	6.781062343349824e-14	5.458441187272158e-14	0.8207348688051905	1.076214827609816	0.2554799588046254	0.06374055888424748	23	10
