	chi2	dof	p-val
0	74.46721260544628	36	0.00017142196829800227
