	chi2	dof	p-val
0	69.52560645722181	36	0.0006651948515724593
