	pval	chisq
0	0.9303261982077496	6.4011860113265255
