	pval	chisq
0	0.9280688071757437	6.453788458397614
