	Amplitude1	Amplitude2	Mass0	Mass1	DeltaM	Error	RegUp	RegLow
0	9.780374866197003e-14	3.3091544621726057e-14	0.7488015088901476	0.9478584795795572	0.19905697068940953	0.08242815281840249	23	10
