	Amplitude1	Amplitude2	Mass0	Mass1	DeltaM	Error	RegUp	RegLow
0	1.8281876057784858e-14	2.549812141204473e-14	1.9145848943922115	1.9367487728457529	0.022163878453541352	0.0061889261507621866	23	10
