	pval	chisq
0	0.2549198126625579	21.500457799948407
