	pval	chisq
0	0.7356118671004777	13.899607532874137
