	chi2	dof	p-val
0	80.96618674461581	36	2.605268400246441e-05
