	chi2	dof	p-val
0	80.23219495300599	36	3.240016294736581e-05
