	chi2	dof	p-val
0	136.51696374203806	52	1.6280946590896406e-09
