	chi2	dof	p-val
0	71.83415498766169	36	0.0003561941794077983
