	chi2	dof	p-val
0	57.39077067367214	30	0.0018832904077665802
