	chi2	dof	p-val
0	72.12599332824094	36	0.0003287802975198151
