	chi2	dof	p-val
0	86.19373648047352	36	5.321376747025042e-06
