	Amplitude1	Amplitude2	Mass0	Mass1	DeltaM	Error	RegUp	RegLow
0	9.863414140881522e-14	3.226529219757046e-14	0.7703199957157981	0.9675786872200527	0.19725869150425457	0.08558970623075436	23	10
