	pval	chisq
0	0.4169177775241616	18.59867226513273
