	chi2	dof	p-val
0	35.126006602443994	26	0.10895095222207729
