	pval	chisq
0	0.9989369005196198	2.6471238012156686
