	Amplitude1	DeltaA1	Amplitude2	DeltaA2	Mass0	DeltaM0	Mass1	DeltaM1	DeltaM	DeltaDm	RegUp	RegLow
0	7.271306372062445e-14	1.4822717293004516e-15	5.510729323147789e-14	7.985332648616768	0.8107873013451605	0.0014105605940245198	1.077905677217388	0.012179730549030317	0.2671183758722276	2.630810900211749	23	5
