	pval	chisq
0	0.9982195828932452	2.916294527968752
