	EffectiveMass	Error	
1	1.2259385473735356	0.0011487991233840474
2	0.8347839914022581	0.0010120734569997168
3	0.8443384317018643	0.0009437691683376611
4	0.8161912045356119	0.0007483664395759337
5	0.805895332155139	0.0008659526403067022
6	0.7966754881310227	0.0008222197448989833
7	0.7900745767622326	0.0008552997119270364
8	0.7862406284416337	0.0008876775019763702
9	0.782035352080709	0.0010054624894120802
10	0.7782492029795541	0.0009289275527905414
11	0.7760809688516379	0.001069161506999897
12	0.7737326306453624	0.0011187663664509464
13	0.7726561645240807	0.001223118373284218
14	0.7708109516856712	0.0011449809490173626
15	0.7707315559141843	0.0012300092331774995
16	0.7701324629897095	0.001367605456768305
17	0.7694259646313903	0.001407808306729086
18	0.7681206329926337	0.0015549628714456418
19	0.7670246800783188	0.001650760022639817
20	0.7670467737903892	0.0018014803694887515
21	0.7669326054556789	0.0017208169686405992
22	0.7656743093604493	0.0018255383671403483
23	0.7670133173580413	0.0021658792499694127
24	0.7673325167310878	0.0025137185367989597
25	0.7647133862517478	0.0025869539812169956
26	0.7635338594387631	0.002569468795981687
27	0.766116038562631	0.002983878444452422
28	0.7653684587160038	0.003293868094394346
29	0.7646359984830667	0.0037091574716097146
30	0.7661431073051456	0.003845920244334897
31	0.7702818608304232	0.004028921618172367
32	0.7673428380283887	0.00469192516454532
33	0.7715119307317501	0.005602296146889942
34	0.7688447373219544	0.0056456900991913965
35	0.7715854686736006	0.006528415897442647
36	0.7731169808316201	0.007410859145785045
37	0.7664060147441726	0.008632534979298312
38	0.7777902426879	0.009356755344162308
39	0.7737403313153469	0.009504335742682423
40	0.7699324946679542	0.010758556465406133
41	0.7708129519837399	0.014241782709955896
42	0.7771392217839991	0.015433988160465345
43	0.7840989919011099	0.0176733021231865
44	0.7698324719272276	0.019347571156595092
45	0.7646932638611295	0.021325189706477895
46	0.7878758392109088	0.024898878131776055
