	pval	chisq
0	0.6540523386136465	5.048435327724571
