	pval	chisq
0	0.7972171499380893	3.8470414188359348
