	pval	chisq
0	0.805438947629576	3.77373286505105
