	pval	chisq
0	0.7753539289757583	4.038314251555169
