	pval	chisq
0	0.7763346004666832	4.029835473496744
