	pval	chisq
0	0.7911783709446464	3.900373147937508
