	pval	chisq
0	0.775353928975758	4.03831425155517
