	pval	chisq
0	0.6226170295677822	5.306477211555759
