	pval	chisq
0	0.785693362862026	3.9484684548541544
