	pval	chisq
0	0.6055179745528982	5.447547258152615
