	pval	chisq
0	0.8040799290813395	3.7859089200747413
