	pval	chisq
0	0.7831567236298249	3.9706061632605194
