	pval	chisq
0	0.7763346004666835	4.0298354734967425
