	pval	chisq
0	0.6621269004608433	4.982270934535041
