	pval	chisq
0	0.6715731393107728	4.904854691716567
