	pval	chisq
0	0.7911783709446463	3.9003731479375086
