	pval	chisq
0	0.5913647791356199	5.564924154893745
