	pval	chisq
0	0.6715731393107724	4.904854691716569
