	pval	chisq
0	0.8040799290813394	3.785908920074742
