	pval	chisq
0	0.47296421359353336	13.69116014509138
