	pval	chisq
0	0.605517974552899	5.447547258152612
