	pval	chisq
0	0.6621269004608434	4.98227093453504
