	pval	chisq
0	0.7764806559919308	4.0285719550294115
