	pval	chisq
0	0.815284072341137	3.684778723766198
