	pval	chisq
0	0.5913647791356198	5.564924154893746
