	pval	chisq
0	0.9448856390436623	2.247446565776558
