	pval	chisq
0	0.5923375086976603	12.173924955959013
