	pval	chisq
0	0.7831567236298252	3.970606163260516
