	pval	chisq
0	0.7772927674047826	4.021542901603348
