	pval	chisq
0	0.7940855503912991	3.874749861758549
