	pval	chisq
0	0.4848194822921744	13.535998749460745
