	pval	chisq
0	0.622617029567782	5.30647721155576
