	pval	chisq
0	0.3747646929445838	15.049714978676954
