	pval	chisq
0	0.504560252526158	13.28056671980118
