	pval	chisq
0	0.42285733928481406	14.365414312119835
