	pval	chisq
0	0.8054389476295759	3.773732865051051
