	pval	chisq
0	0.8152840723411368	3.6847787237661995
