	pval	chisq
0	0.7856933628620261	3.9484684548541535
