	EffectiveMass	Error	RegUp	RegLow
0	0.52415855407715	0.3033910226792859	24	19
