	EffectiveMass	Error	RegUp	RegLow
0	0.47969898223877105	0.17861221165093952	24	19
