	EffectiveMass	Error	RegUp	RegLow
0	0.36623040199279877	0.3996100874435089	24	19
