	EffectiveMass	Error	RegUp	RegLow
0	0.49886360168457183	0.34315615623490625	24	19
