	EffectiveMass	Error	RegUp	RegLow
0	0.17826251029968287	0.0034115860859975583	17	12
