	EffectiveMass	Error	RegUp	RegLow
0	0.13892202377319346	0.007289448537664117	17	12
