	EffectiveMass	Error	RegUp	RegLow
0	0.1850454521179202	0.0028780086937524115	17	12
