	EffectiveMass	Error	RegUp	RegLow
0	0.15098238945007342	0.007843212365432955	17	12
