	EffectiveMass	Error	RegUp	RegLow
0	0.16749359130859404	0.004548845125250364	17	12
