	EffectiveMass	Error	RegUp	RegLow
0	0.16990838050842316	0.003168904871301614	17	12
