	EffectiveMass	Error	RegUp	RegLow
0	0.14059888839721696	0.007398648517224269	17	12
