	EffectiveMass	Error	RegUp	RegLow
0	0.17123055458068875	0.003271127225825635	17	12
