	EffectiveMass	Error	RegUp	RegLow
0	0.2541890430450445	0.00803810243195316	16	12
