	EffectiveMass	Error	RegUp	RegLow
0	0.238336563110352	0.009077853071132881	16	12
