	EffectiveMass	Error	RegUp	RegLow
0	0.1590278625488283	0.004270199447086812	17	12
