	EffectiveMass	Error	RegUp	RegLow
0	0.1765822124481204	0.008564641232185765	17	12
