	EffectiveMass	Error	RegUp	RegLow
0	0.16619543075561544	0.008314211444475571	17	12
