	EffectiveMass	Error	RegUp	RegLow
0	0.18441877365112336	0.0027484327043671023	17	12
