	EffectiveMass	Error	RegUp	RegLow
0	0.15799116134643576	0.004266552137875422	17	12
