	EffectiveMass	Error	RegUp	RegLow
0	0.16475362777709981	0.007877574595162974	17	12
