	EffectiveMass	Error	RegUp	RegLow
0	0.22362919807434128	0.012124773636282461	16	12
