	EffectiveMass	Error	RegUp	RegLow
0	0.19124714851379426	0.0028663034976208574	17	12
