{
  "ensemble": "F1S",
  "cmass": 0.275,
  "FF": "V",
  "use_disp": true,
  "frozen": true,
  "reg_low": 13,
  "reg_up": 20,
  "chi2": 29.632955723519366,
  "ndof": 20,
  "chi2/dof": 1.4816477861759683,
  "pvalue": 0.07602341199124407,
  "T": 30.0,
  "mDs_gs": {
    "1": 0.7799678525784053,
    "2": 0.7897593269388395,
    "3": 0.7993811647773964,
    "4": 0.8085576748102955,
    "5": 0.8177933105467748
  },
  "mDs_es": {
    "1": 1.0297668697892075,
    "2": 1.03356743564842,
    "3": 1.041276699358867,
    "4": 1.0484209600936567,
    "5": 1.05900482389313
  },
  "mBs_gs": 1.9244310313425803,
  "mBs_es": 2.341609935416783,
  "Z0_Ds": {
    "1": 1.4161260169386884e-12,
    "2": 1.3075659413436154e-12,
    "3": 1.2131768252011352e-12,
    "4": 1.1326247332887203e-12,
    "5": 1.056916846714349e-12
  },
  "Z1_Ds": {
    "1": 9.677179790341868e-13,
    "2": 1.1034843384793065e-12,
    "3": 1.1936884088042435e-12,
    "4": 1.2603352326731898e-12,
    "5": 1.3127468130381157e-12
  },
  "Z0_Bs": 0.14083727350551872,
  "Z1_Bs": 0.44469915198730997
}