	EffectiveMass	Error	RegUp	RegLow
0	0.17437752723693878	0.005310673799932786	17	12
