	EffectiveMass	Error	RegUp	RegLow
0	0.188706035614014	0.003382845324819236	17	12
