	EffectiveMass	Error	RegUp	RegLow
0	0.1798263263702395	0.003968204463334096	17	12
