	EffectiveMass	Error	RegUp	RegLow
0	0.1891737842559818	0.003517889614721489	17	12
