	EffectiveMass	Error	RegUp	RegLow
0	0.17000062942504912	0.008332505632354712	17	12
