	EffectiveMass	Error	RegUp	RegLow
0	0.16971450805664087	0.008205550362108545	17	12
