	EffectiveMass	Error	RegUp	RegLow
0	0.1719337749481204	0.008416108389066132	17	12
