	EffectiveMass	Error	RegUp	RegLow
0	0.17366129875183128	0.00523442801847912	17	12
