	EffectiveMass	Error	RegUp	RegLow
0	0.17972633361816434	0.004081804103433994	17	12
