	EffectiveMass	Error	RegUp	RegLow
0	0.17259194374084497	0.008516074282464316	17	12
