	EffectiveMass	Error	RegUp	RegLow
0	0.17010864257812527	0.008569741353040877	17	12
