	EffectiveMass	Error	RegUp	RegLow
0	0.17412046432495143	0.00838409709031192	17	12
