	EffectiveMass	Error	RegUp	RegLow
0	0.18051655769348168	0.004083422881859055	17	12
