	EffectiveMass	Error	RegUp	RegLow
0	0.18876682281494175	0.0034705621597407653	17	12
