	EffectiveMass	Error	RegUp	RegLow
0	0.1721217060089114	0.005186009844782626	17	12
