{
  "ensemble": "M3",
  "cmass": "0.280",
  "FF": "A0",
  "use_disp": true,
  "frozen": true,
  "reg_low": 5,
  "reg_up": 21,
  "chi2": 77.37490991686639,
  "ndof": 65,
  "chi2/dof": 1.190383229490252,
  "pvalue": 0.13987596445288175,
  "T": 26.0,
  "mDs_gs": {
    "1": 0.856749354676375,
    "2": 0.8755943912179748,
    "3": 0.8933806777806027,
    "4": 0.9129510980810244,
    "5": 0.9303800010787616
  },
  "mDs_es": {
    "1": 1.1936467501148855,
    "2": 1.1698353589675217,
    "3": 1.1630385856030228,
    "4": 1.1944188098352924,
    "5": 1.2030775621800651
  },
  "mBs_gs": 2.255415713399502,
  "mBs_es": 2.6080817254545887,
  "Z0_Ds": {
    "1": 5.382704918400505e-10,
    "2": 4.723897184970193e-10,
    "3": 4.16231663446143e-10,
    "4": 3.8035326892211213e-10,
    "5": 3.4086681866122874e-10
  },
  "Z1_Ds": {
    "1": 4.466801878795311e-10,
    "2": 4.967793877648568e-10,
    "3": 5.178837842086602e-10,
    "4": 5.529755092776318e-10,
    "5": 5.562510993410698e-10
  },
  "Z0_Bs": 0.16656795351502213,
  "Z1_Bs": 0.3568122151148948
}