{
  "ensemble": "M3",
  "cmass": "0.280",
  "FF": "A1",
  "use_disp": true,
  "frozen": true,
  "reg_low": 10,
  "reg_up": 18,
  "chi2": 31.436427131530206,
  "ndof": 25,
  "chi2/dof": 1.2574570852612081,
  "pvalue": 0.17497203374352432,
  "T": 26.0,
  "mDs_gs": {
    "0": 0.8356553041611507,
    "1": 0.856749354676375,
    "2": 0.8755943912179748,
    "4": 0.9129510980810244,
    "5": 0.9303800010787616
  },
  "mDs_es": {
    "0": 1.184212952949432,
    "1": 1.1936467501148855,
    "2": 1.1698353589675217,
    "4": 1.1944188098352924,
    "5": 1.2030775621800651
  },
  "mBs_gs": 2.255415713399502,
  "mBs_es": 2.6080817254545887,
  "Z0_Ds": {
    "0": 6.105252357464908e-10,
    "1": 5.382704918400505e-10,
    "2": 4.723897184970193e-10,
    "4": 3.8035326892211213e-10,
    "5": 3.4086681866122874e-10
  },
  "Z1_Ds": {
    "0": 2.5376053315023996e-10,
    "1": 4.466801878795311e-10,
    "2": 4.967793877648568e-10,
    "4": 5.529755092776318e-10,
    "5": 5.562510993410698e-10
  },
  "Z0_Bs": 0.16656795351502213,
  "Z1_Bs": 0.3568122151148948
}