	EffectiveMass	Error	RegUp	RegLow
0	0.31390073776245186	0.008252283269643888	27	20
