	EffectiveMass	Error	RegUp	RegLow
0	0.3240845203399667	0.005097487947711229	27	20
