	EffectiveMass	Error	RegUp	RegLow
0	0.3053994369506843	0.007899479973725735	27	20
