	EffectiveMass	Error	RegUp	RegLow
0	0.3034010791778572	0.00799273902244574	27	20
