	EffectiveMass	Error	RegUp	RegLow
0	0.30000852584838933	0.007849835135264837	27	20
