	EffectiveMass	Error	RegUp	RegLow
0	0.3098118209838875	0.008119912829327983	27	20
