	EffectiveMass	Error	RegUp	RegLow
0	0.3156742286682137	0.005701958422956359	27	20
