	EffectiveMass	Error	RegUp	RegLow
0	0.294865159988404	0.007770948248877869	27	20
