	EffectiveMass	Error	RegUp	RegLow
0	0.3204385948181161	0.005120869554151638	27	20
