	EffectiveMass	Error	RegUp	RegLow
0	0.32761471748352133	0.004602889391114259	27	20
