	EffectiveMass	Error	RegUp	RegLow
0	0.3082616615295417	0.0054069406069945005	27	20
