	EffectiveMass	Error	RegUp	RegLow
0	0.31776822090149004	0.004818122766489955	27	20
