	EffectiveMass	Error	RegUp	RegLow
0	0.319924497604371	0.012279768274309136	25	18
