	EffectiveMass	Error	RegUp	RegLow
0	0.3109013366699226	0.013148258721345112	25	18
