	EffectiveMass	Error	RegUp	RegLow
0	0.3021032524108893	0.016811317039622083	25	18
