	EffectiveMass	Error	RegUp	RegLow
0	0.3298337078094491	0.011696039737085035	25	18
