	EffectiveMass	Error	RegUp	RegLow
0	0.31210165023803793	0.00570534737333531	27	20
