	EffectiveMass	Error	RegUp	RegLow
0	0.3290437221527108	0.004809823149344609	27	20
