	EffectiveMass	Error	RegUp	RegLow
0	0.3327854728698739	0.0047761731424399234	27	20
