	EffectiveMass	Error	RegUp	RegLow
0	0.3126663017272957	0.016083233005781745	25	18
