	EffectiveMass	Error	RegUp	RegLow
0	0.40294665336609004	0.028391779270763643	16	12
