Ensemble,FF,chi2,dof,pvalue,c0,c0_err,c1,c1_err,c2,c2_err,c3,c3_err,phys_central_nsq0,phys_err_nsq0,phys_central_nsq1,phys_err_nsq1,phys_central_nsq2,phys_err_nsq2,phys_central_nsq4,phys_err_nsq4,phys_central_nsq5,phys_err_nsq5
C1,A1,6.240980354512693,11,0.8568110444495164,0.2688279951852734,0.022343478948767197,0.025622361598360167,0.02190326022304103,-0.033340371824762564,0.005347389735226108,0.02176847064975087,0.004358514313818841,0.29907007662523943,0.0063208800048528595,0.2925035225487585,0.0066798588980664445,0.2868876514407572,0.007667854098436414,0.2782052613024716,0.010866225852826072,0.2752076743407407,0.012852445931178052
