Ensemble,FF,chi2,dof,pvalue,c0,c0_err,c1,c1_err,c2,c2_err,c3,c3_err,phys_central_nsq1,phys_err_nsq1,phys_central_nsq2,phys_err_nsq2,phys_central_nsq3,phys_err_nsq3,phys_central_nsq4,phys_err_nsq4,phys_central_nsq5,phys_err_nsq5
C1,V,12.826658926369873,11,0.3048057752224824,0.8410084040062675,0.05393835407431371,-0.29827639499830516,0.048684581320102366,-0.05800980537356058,0.01731491707424877,0.03938378487283628,0.014390724971894486,0.47152495997162613,0.014330256383282674,0.4560261974091256,0.014931647200468159,0.44237829822839525,0.016426213306995893,0.4307091924974587,0.018692468805186997,0.42049312840252295,0.021641998584398345
