Ensemble,FF,chi2,dof,pvalue,c0,c0_err,c1,c1_err,c2,c2_err,c3,c3_err,phys_central_nsq0,phys_err_nsq0,phys_central_nsq1,phys_err_nsq1,phys_central_nsq2,phys_err_nsq2,phys_central_nsq4,phys_err_nsq4,phys_central_nsq5,phys_err_nsq5
C1,A1,6.721332200516567,11,0.8211807616955215,0.2677398935241897,0.023888647815447386,0.025935656609386154,0.022834119394101342,-0.03471445180322703,0.005638444819964792,0.022523099729943485,0.004546005770764493,0.29835175716404433,0.0060246221630964525,0.2913261601334612,0.0064182921696772305,0.28528455120699997,0.007444964587455225,0.27584084368157386,0.010679567502209818,0.2725091950422279,0.01266251378778378
