Ensemble,FF,chi2,dof,pvalue,c0,c0_err,c1,c1_err,c2,c2_err,c3,c3_err,phys_central_nsq0,phys_err_nsq0,phys_central_nsq1,phys_err_nsq1,phys_central_nsq2,phys_err_nsq2,phys_central_nsq4,phys_err_nsq4,phys_central_nsq5,phys_err_nsq5
C1,A1,6.721332200516567,11,0.8211807616955215,0.2677398935241897,0.023888647815447386,0.025935656609386154,0.022834119394101342,-0.03471445180322703,0.005638444819964792,0.022523099729943485,0.004546005770764493,0.29835756973372535,0.006027645731306569,0.2949695761655133,0.007474089395028858,0.2952726320512814,0.00941936683777514,0.3025980164813501,0.014202786758145415,0.3112090087537912,0.017477636664612255
