Ensemble,FF,chi2,dof,pvalue,c0,c0_err,c1,c1_err,c2,c2_err,c3,c3_err,phys_central_nsq1,phys_err_nsq1,phys_central_nsq2,phys_err_nsq2,phys_central_nsq3,phys_err_nsq3,phys_central_nsq4,phys_err_nsq4,phys_central_nsq5,phys_err_nsq5
C1,V,12.643389955102558,11,0.3172706237682348,0.8617158164605359,0.05713879345971754,-0.310194788999272,0.05056565916931061,-0.06019556298366477,0.01819943441517808,0.04054749504035607,0.014888922891941528,0.4771076572123661,0.014018120648607548,0.4606103431090588,0.014698267928011374,0.4460203530814927,0.01625204759661856,0.4334737067144063,0.018529427240214037,0.4224201001316005,0.02143315149401984
