	EffectiveMass	Error	RegUp	RegLow
0	0.27834615707397525	0.005801699794821585	17	12
