	EffectiveMass	Error	RegUp	RegLow
0	0.2508002567291264	0.010876482261825813	17	12
