	EffectiveMass	Error	RegUp	RegLow
0	0.21933538436889694	0.012635420425539471	17	12
