	EffectiveMass	Error	RegUp	RegLow
0	0.28951408386230537	0.0036249772035909875	17	12
