	EffectiveMass	Error	RegUp	RegLow
0	0.27796038627624586	0.00415258724273029	17	12
