	EffectiveMass	Error	RegUp	RegLow
0	0.29671402931213453	0.003616751809055457	17	12
