	EffectiveMass	Error	RegUp	RegLow
0	0.39224112510681264	0.010833477363469998	16	12
