	EffectiveMass	Error	RegUp	RegLow
0	0.4093264389038098	0.010306395570450629	16	12
