	EffectiveMass	Error	RegUp	RegLow
0	0.22067580223083538	0.012206419336178243	17	12
