	EffectiveMass	Error	RegUp	RegLow
0	0.26628311157226614	0.0053041981095547286	17	12
