	EffectiveMass	Error	RegUp	RegLow
0	0.2868198966979987	0.004357975120985175	17	12
