	EffectiveMass	Error	RegUp	RegLow
0	0.26754228591919005	0.005322296272153435	17	12
