	EffectiveMass	Error	RegUp	RegLow
0	0.3748085021972667	0.012016938722078515	16	12
