	EffectiveMass	Error	RegUp	RegLow
0	0.28951408386230537	0.003624977377794896	17	12
