	EffectiveMass	Error	RegUp	RegLow
0	0.23736586570739798	0.009906370955488419	17	12
