	EffectiveMass	Error	RegUp	RegLow
0	0.23476740837097215	0.010212130955960462	17	12
