	EffectiveMass	Error	RegUp	RegLow
0	0.27714333534240787	0.004021593837042337	17	12
