	EffectiveMass	Error	RegUp	RegLow
0	0.23611351966857957	0.013439092225358981	17	12
