	EffectiveMass	Error	RegUp	RegLow
0	0.19960693359375037	0.003767839496012266	16	13
