	EffectiveMass	Error	RegUp	RegLow
0	0.18917358398437537	0.011619943235129793	16	13
