	EffectiveMass	Error	RegUp	RegLow
0	0.15705461502075216	0.011029279018169316	16	12
