	EffectiveMass	Error	RegUp	RegLow
0	0.19960667610168492	0.0037678195743667334	16	13
