	EffectiveMass	Error	RegUp	RegLow
0	0.16477600097656275	0.012082277429993788	16	13
