	EffectiveMass	Error	RegUp	RegLow
0	0.1790637207031253	0.006391649596827785	16	13
