	EffectiveMass	Error	RegUp	RegLow
0	0.18095980644226106	0.010723901990727099	16	12
