	EffectiveMass	Error	RegUp	RegLow
0	0.17382838249206573	0.00601423339281516	16	12
