	EffectiveMass	Error	RegUp	RegLow
0	0.18869812011718784	0.004609127629588185	16	13
