	EffectiveMass	Error	RegUp	RegLow
0	0.633818073272707	0.1109835088074334	16	12
