	EffectiveMass	Error	RegUp	RegLow
0	0.6443885993957541	0.2649143257209654	16	12
