	EffectiveMass	Error	RegUp	RegLow
0	0.523396596908571	0.3073514564215327	24	19
