	EffectiveMass	Error	RegUp	RegLow
0	0.3823246955871592	0.39187595137864356	24	19
