{
  "ensemble": "C2",
  "cmass": "0.400",
  "FF": "V",
  "use_disp": true,
  "frozen": true,
  "reg_low": 5,
  "reg_up": 12,
  "chi2": 26.501454064211178,
  "ndof": 20,
  "chi2/dof": 1.325072703210559,
  "pvalue": 0.14988171562218633,
  "T": 20.0,
  "mDs_gs": {
    "1": 1.1327004974328505,
    "2": 1.155553277190967,
    "3": 1.1781451946992516,
    "4": 1.1976163915583111,
    "5": 1.2187110606082918
  },
  "mDs_es": {
    "1": 1.4917557143281477,
    "2": 1.4758900093345113,
    "3": 1.489051662566801,
    "4": 1.4968758332382386,
    "5": 1.5180013102485357
  },
  "mBs_gs": 3.0085610001408263,
  "mBs_es": 3.516861691747825,
  "Z0_Ds": {
    "1": 7.295039327043895e-07,
    "2": 6.292049263270405e-07,
    "3": 5.498494556904497e-07,
    "4": 4.810664923649846e-07,
    "5": 4.2668197251257374e-07
  },
  "Z1_Ds": {
    "1": 5.919418503212386e-07,
    "2": 6.392016664420659e-07,
    "3": 6.705083116605315e-07,
    "4": 6.921296232820333e-07,
    "5": 6.971558189907275e-07
  },
  "Z0_Bs": 0.2142275784307835,
  "Z1_Bs": 0.6001976481847372
}