{
  "ensemble": "C2",
  "cmass": "0.400",
  "FF": "A1",
  "use_disp": true,
  "frozen": true,
  "reg_low": 5,
  "reg_up": 12,
  "chi2": 25.93970810646922,
  "ndof": 20,
  "chi2/dof": 1.2969854053234608,
  "pvalue": 0.16781238340896598,
  "T": 20.0,
  "mDs_gs": {
    "0": 1.1088195398520275,
    "1": 1.1327004974328505,
    "2": 1.155553277190967,
    "4": 1.1976163915583111,
    "5": 1.2187110606082918
  },
  "mDs_es": {
    "0": 1.5570861401967722,
    "1": 1.4917557143281477,
    "2": 1.4758900093345113,
    "4": 1.4968758332382386,
    "5": 1.5180013102485357
  },
  "mBs_gs": 3.0085610001408263,
  "mBs_es": 3.516861691747825,
  "Z0_Ds": {
    "0": 8.514633543793265e-07,
    "1": 7.295039327043895e-07,
    "2": 6.292049263270405e-07,
    "4": 4.810664923649846e-07,
    "5": 4.2668197251257374e-07
  },
  "Z1_Ds": {
    "0": 4.059304792542249e-07,
    "1": 5.919418503212386e-07,
    "2": 6.392016664420659e-07,
    "4": 6.921296232820333e-07,
    "5": 6.971558189907275e-07
  },
  "Z0_Bs": 0.2142275784307835,
  "Z1_Bs": 0.6001976481847372
}