	EffectiveMass	Error	RegUp	RegLow
0	-0.3827618408203116	0.012144511369892246	26	19
