	EffectiveMass	Error	RegUp	RegLow
0	-0.397583007812499	0.011165071791380479	26	19
