	EffectiveMass	Error	RegUp	RegLow
0	0.47578613281250137	0.006822841368697666	25	18
