	EffectiveMass	Error	RegUp	RegLow
0	0.46430969238281383	0.007384631533637169	25	18
