	EffectiveMass	Error	RegUp	RegLow
0	0.445362415313722	0.022772161880025486	25	18
