	EffectiveMass	Error	RegUp	RegLow
0	0.44184814453125126	0.009855805771622771	25	18
