	EffectiveMass	Error	RegUp	RegLow
0	0.43177917480468875	0.01125118659738819	25	18
