	EffectiveMass	Error	RegUp	RegLow
0	-0.42405456542968645	0.015806202399146266	25	18
