	EffectiveMass	Error	RegUp	RegLow
0	0.7290269279480004	0.04821593595110227	25	18
