	EffectiveMass	Error	RegUp	RegLow
0	0.7878313541412378	0.04931499036826397	27	20
