	EffectiveMass	Error	RegUp	RegLow
0	0.7416729068756129	0.022990782565761852	27	20
