	EffectiveMass	Error	RegUp	RegLow
0	0.7931755542755154	0.01460569832609252	27	20
