	EffectiveMass	Error	RegUp	RegLow
0	0.7692006492614771	0.020223614202559755	27	20
