	EffectiveMass	Error	RegUp	RegLow
0	0.8055996513366726	0.013133224924099067	27	20
