	EffectiveMass	Error	RegUp	RegLow
0	0.7509382724761986	0.015557843078323136	27	20
