	EffectiveMass	Error	RegUp	RegLow
0	0.7201441097259544	0.07564445347630093	27	20
