	EffectiveMass	Error	RegUp	RegLow
0	0.7764631938934352	0.013685654767160466	27	20
