	EffectiveMass	Error	RegUp	RegLow
0	0.7504590988159203	0.06697894865835954	27	20
