	EffectiveMass	Error	RegUp	RegLow
0	0.8014141845703152	0.01253615490666424	27	20
