	EffectiveMass	Error	RegUp	RegLow
0	0.7450617027282738	0.01930039291752453	27	20
