	EffectiveMass	Error	RegUp	RegLow
0	0.7160760974884055	0.02186966746447032	27	20
