	EffectiveMass	Error	RegUp	RegLow
0	0.7693288612365747	0.060618348273693404	27	20
