	EffectiveMass	Error	RegUp	RegLow
0	0.7505017948150658	0.0448987634763378	25	18
