	EffectiveMass	Error	RegUp	RegLow
0	0.7717359066009546	0.016784933407707203	27	20
