	EffectiveMass	Error	RegUp	RegLow
0	0.8138537979126002	0.013043724646767492	27	20
