	Value	Error	pval
0	2.2516261386871426	0.0010328957205123	0.0429001863350697
1	0.910312395095828	0.0008070172539224	0.0314686421562891
2	0.9293834018707304	0.0008995564838038	0.0099608335659555
3	0.9483176136016876	0.0010366443245331	0.0146414389165541
4	0.9669773292541536	0.0012319892888361	0.0622745936133339
5	0.9860807704925568	0.001509251047613	0.0818845880793106
6	1.0036942768096957	0.001762234739794	0.3756864173370573
