	EffectiveMass	Error	RegUp	RegLow
0	0.5019459533691423	0.011010624051085155	17	12
