	EffectiveMass	Error	RegUp	RegLow
0	0.4797126102447524	0.012909178931110965	17	12
