	EffectiveMass	Error	RegUp	RegLow
0	0.4999484634399429	0.010437544211632043	17	12
