	EffectiveMass	Error	RegUp	RegLow
0	0.4602062892913832	0.02445530633260738	17	12
