	EffectiveMass	Error	RegUp	RegLow
0	0.45706937789917124	0.016885796951009807	17	12
