	EffectiveMass	Error	RegUp	RegLow
0	0.4803679943084731	0.021454101151138143	17	12
