	EffectiveMass	Error	RegUp	RegLow
0	0.47924297332763816	0.01193325090965088	17	12
