	EffectiveMass	Error	RegUp	RegLow
0	0.4989727401733413	0.010364682687705745	17	12
