	EffectiveMass	Error	RegUp	RegLow
0	0.46251587867736954	0.015804127920160557	17	12
