	EffectiveMass	Error	RegUp	RegLow
0	0.4895526218414321	0.022202470899398315	17	12
