	EffectiveMass	Error	RegUp	RegLow
0	0.47975964546203753	0.02321533212033145	17	12
