	EffectiveMass	Error	RegUp	RegLow
0	0.4472438621521009	0.025946866339160962	17	12
