	EffectiveMass	Error	RegUp	RegLow
0	0.46527142524719367	0.015976254729423458	17	12
