	EffectiveMass	Error	RegUp	RegLow
0	0.46632350921630983	0.024493703447233468	17	12
