	EffectiveMass	Error	RegUp	RegLow
0	0.4804716682434096	0.011990484890902212	17	12
