	EffectiveMass	Error	RegUp	RegLow
0	0.29020060539245685	0.004412103286074612	17	12
