	EffectiveMass	Error	RegUp	RegLow
0	0.2814624118804938	0.00523996590245691	17	12
