	EffectiveMass	Error	RegUp	RegLow
0	0.2745344924926764	0.006576297235293062	17	12
