	EffectiveMass	Error	RegUp	RegLow
0	0.27997782707214425	0.014449617030341911	17	12
