	EffectiveMass	Error	RegUp	RegLow
0	0.28061620712280344	0.005148424224119972	17	12
