	EffectiveMass	Error	RegUp	RegLow
0	0.2722785186767584	0.012009963363114414	17	12
