	EffectiveMass	Error	RegUp	RegLow
0	0.29215870857238846	0.004551023787025005	17	12
