	EffectiveMass	Error	RegUp	RegLow
0	0.2751595878601081	0.006632632132047531	17	12
