	EffectiveMass	Error	RegUp	RegLow
0	0.2734997558593756	0.011803145984687582	17	12
