	EffectiveMass	Error	RegUp	RegLow
0	0.27414258003234926	0.006484325472776874	17	12
