	EffectiveMass	Error	RegUp	RegLow
0	0.2773835468292243	0.012196703806278096	17	12
