	EffectiveMass	Error	RegUp	RegLow
0	0.28229435920715407	0.014629739486739955	17	12
