	EffectiveMass	Error	RegUp	RegLow
0	0.2805825328826912	0.005065638884318812	17	12
