	EffectiveMass	Error	RegUp	RegLow
0	0.28636575698852607	0.014711611123971515	17	12
