	EffectiveMass	Error	RegUp	RegLow
0	0.7837854766845729	0.44291738447501044	25	18
