	EffectiveMass	Error	RegUp	RegLow
0	0.8964199447631866	0.42473666448769687	25	18
