	EffectiveMass	Error	RegUp	RegLow
0	0.8281690883636501	0.14123099461895325	25	18
