	EffectiveMass	Error	RegUp	RegLow
0	0.6846244144439719	0.3543569084506475	25	18
