	EffectiveMass	Error	RegUp	RegLow
0	0.5173616123199478	0.1761770282613759	24	19
