{
  "ensemble": "M1",
  "cmass": "0.280",
  "FF": "V",
  "use_disp": true,
  "frozen": true,
  "reg_low": 5,
  "reg_up": 21,
  "chi2": 56.48116177074753,
  "ndof": 65,
  "chi2/dof": 0.8689409503191928,
  "pvalue": 0.76527151664442,
  "T": 26.0,
  "mDs_gs": {
    "1": 0.8512089688048702,
    "2": 0.8716901787790472,
    "3": 0.8916754823497544,
    "4": 0.9113380010811832,
    "5": 0.9304303835812514
  },
  "mDs_es": {
    "1": 1.140724504813741,
    "2": 1.1632457699639098,
    "3": 1.1855975204308764,
    "4": 1.203712196528489,
    "5": 1.229467741864306
  },
  "mBs_gs": 2.253302398531134,
  "mBs_es": 2.770276131488348,
  "Z0_Ds": {
    "1": 5.308589579727534e-10,
    "2": 4.722612054991836e-10,
    "3": 4.2400621788010233e-10,
    "4": 3.842058458779623e-10,
    "5": 3.5139798566672393e-10
  },
  "Z1_Ds": {
    "1": 4.172843593000097e-10,
    "2": 4.886224645976106e-10,
    "3": 5.31499801632271e-10,
    "4": 5.590712629858916e-10,
    "5": 5.808361467651818e-10
  },
  "Z0_Bs": 0.169006986848754,
  "Z1_Bs": 0.6244124366705486
}