{
  "ensemble": "M1",
  "cmass": "0.280",
  "FF": "A1",
  "use_disp": true,
  "frozen": true,
  "reg_low": 7,
  "reg_up": 18,
  "chi2": 50.59980450689852,
  "ndof": 40,
  "chi2/dof": 1.264995112672463,
  "pvalue": 0.12156175622801202,
  "T": 26.0,
  "mDs_gs": {
    "0": 0.8296710588357573,
    "1": 0.8512089688048702,
    "2": 0.8716901787790472,
    "4": 0.9113380010811832,
    "5": 0.9304303835812514
  },
  "mDs_es": {
    "0": 1.088419289188551,
    "1": 1.140724504813741,
    "2": 1.1632457699639098,
    "4": 1.203712196528489,
    "5": 1.229467741864306
  },
  "mBs_gs": 2.253302398531134,
  "mBs_es": 2.770276131488348,
  "Z0_Ds": {
    "0": 5.993803800600868e-10,
    "1": 5.308589579727534e-10,
    "2": 4.722612054991836e-10,
    "4": 3.842058458779623e-10,
    "5": 3.5139798566672393e-10
  },
  "Z1_Ds": {
    "0": 2.86269697014484e-10,
    "1": 4.172843593000097e-10,
    "2": 4.886224645976106e-10,
    "4": 5.590712629858916e-10,
    "5": 5.808361467651818e-10
  },
  "Z0_Bs": 0.169006986848754,
  "Z1_Bs": 0.6244124366705486
}