Ensemble,FF,chi2,dof,pvalue,c0,c0_err,c1,c1_err,c2,c2_err,c3,c3_err,phys_central_nsq1,phys_err_nsq1,phys_central_nsq2,phys_err_nsq2,phys_central_nsq3,phys_err_nsq3,phys_central_nsq4,phys_err_nsq4,phys_central_nsq5,phys_err_nsq5
F1S,V,8.119153379956149,6,0.22950318793961566,1.2676910849373746,0.14406120283865922,-0.5730158946687846,0.1896168750030254,-0.07289583165994648,0.014707208626532645,0.07729933964109857,0.01705031572211853,0.8147655494190369,0.019346950630869175,0.7969209044230967,0.020615342581617655,0.7806834883666449,0.022235507297869685,0.7660599812235537,0.02412714191154705,0.7529144990523577,0.026230514162220393
