Ensemble,FF,chi2,dof,pvalue,c0,c0_err,c1,c1_err,c2,c2_err,c3,c3_err,phys_central_nsq1,phys_err_nsq1,phys_central_nsq2,phys_err_nsq2,phys_central_nsq3,phys_err_nsq3,phys_central_nsq4,phys_err_nsq4,phys_central_nsq5,phys_err_nsq5
F1S,A0,5.298982791378086,6,0.5060771789402392,0.1739964086719127,0.04215345901693139,0.21194282792722322,0.05533560398618647,-0.036914942479068895,0.00580706949490432,0.03345325110131131,0.007152622301295372,0.32520873024198554,0.0032675068805842937,0.3167447104944464,0.0034849691538883314,0.3089058441193726,0.0037890950952055224,0.30162148061785077,0.004189291186648691,0.29498890242892484,0.004697187634952175
