Ensemble,FF,chi2,dof,pvalue,c0,c0_err,c1,c1_err,c2,c2_err,c3,c3_err,phys_central_nsq1,phys_err_nsq1,phys_central_nsq2,phys_err_nsq2,phys_central_nsq3,phys_err_nsq3,phys_central_nsq4,phys_err_nsq4,phys_central_nsq5,phys_err_nsq5
F1S,V,8.464103574373329,6,0.20603425467272862,1.2426733114005077,0.1391041450955276,-0.5478078874328757,0.1857439568733908,-0.07146661745907522,0.014396811882344228,0.07639780623994859,0.01681215401181551,0.8098109896127711,0.019464054341348878,0.7929398334063298,0.02067446280020338,0.7776543250169684,0.022245011811104297,0.7639581044207673,0.024099218150091205,0.7517231594300819,0.026185455890121046
