Ensemble,FF,chi2,dof,pvalue,c0,c0_err,c1,c1_err,c2,c2_err,c3,c3_err,phys_central_nsq1,phys_err_nsq1,phys_central_nsq2,phys_err_nsq2,phys_central_nsq3,phys_err_nsq3,phys_central_nsq4,phys_err_nsq4,phys_central_nsq5,phys_err_nsq5
F1S,V,8.119153379956149,6,0.22950318793961566,1.2676910849373746,0.14406120283865922,-0.5730158946687846,0.1896168750030254,-0.07289583165994648,0.014707208626532645,0.07729933964109857,0.01705031572211853,0.7838467278503307,0.02281610773981457,0.7475974370405741,0.0306301530846566,0.7233706656918613,0.03959727298685161,0.7114236224958614,0.0479370882601107,0.7063402345351283,0.058066616787727954
