Ensemble,FF,chi2,dof,pvalue,c0,c0_err,c1,c1_err,c2,c2_err,c3,c3_err,phys_central_nsq0,phys_err_nsq0,phys_central_nsq1,phys_err_nsq1,phys_central_nsq2,phys_err_nsq2,phys_central_nsq4,phys_err_nsq4,phys_central_nsq5,phys_err_nsq5
F1S,A1,0.9603506232321672,6,0.9870707662538529,0.36688181632921396,0.13786162363535848,0.14384548427881547,0.18328728708862038,-0.033920850982629515,0.0170051404915386,0.03006118541596414,0.019914032250491633,0.4756878835791512,0.007171847615053429,0.4662825167710976,0.007797835160172759,0.4574589572597137,0.00858932484588481,0.441462504245102,0.010644702325593763,0.43430517726516576,0.011965019213377783
