{
  "ensemble": "M1",
  "cmass": "0.340",
  "FF": "A1",
  "use_disp": true,
  "frozen": true,
  "reg_low": 7,
  "reg_up": 18,
  "chi2": 51.54053016026272,
  "ndof": 40,
  "chi2/dof": 1.288513254006568,
  "pvalue": 0.1044479616493259,
  "T": 26.0,
  "mDs_gs": {
    "0": 0.90780570065437,
    "1": 0.927173260532722,
    "2": 0.9454454077024635,
    "4": 0.9805734885881822,
    "5": 0.9981173822826214
  },
  "mDs_es": {
    "0": 1.1698289648480569,
    "1": 1.2224781973700498,
    "2": 1.2381504505171987,
    "4": 1.2677002931578434,
    "5": 1.2940310233133374
  },
  "mBs_gs": 2.253302398531134,
  "mBs_es": 2.770276131488348,
  "Z0_Ds": {
    "0": 6.217193591610938e-10,
    "1": 5.467398622037939e-10,
    "2": 4.822590013402094e-10,
    "4": 3.8412127492455596e-10,
    "5": 3.4942538512020777e-10
  },
  "Z1_Ds": {
    "0": 2.826207843327884e-10,
    "1": 4.338532241331388e-10,
    "2": 5.06520874459084e-10,
    "4": 5.705480204831209e-10,
    "5": 5.920708435955476e-10
  },
  "Z0_Bs": 0.169006986848754,
  "Z1_Bs": 0.6244124366705486
}