{
  "ensemble": "M1",
  "cmass": "0.340",
  "FF": "A0",
  "use_disp": true,
  "frozen": true,
  "reg_low": 5,
  "reg_up": 21,
  "chi2": 92.53133912871832,
  "ndof": 65,
  "chi2/dof": 1.4235590635187434,
  "pvalue": 0.014052176539141814,
  "T": 26.0,
  "mDs_gs": {
    "1": 0.927173260532722,
    "2": 0.9454454077024635,
    "3": 0.9634136494244998,
    "4": 0.9805734885881822,
    "5": 0.9981173822826214
  },
  "mDs_es": {
    "1": 1.2224781973700498,
    "2": 1.2381504505171987,
    "3": 1.2575606229686334,
    "4": 1.2677002931578434,
    "5": 1.2940310233133374
  },
  "mBs_gs": 2.253302398531134,
  "mBs_es": 2.770276131488348,
  "Z0_Ds": {
    "1": 5.467398622037939e-10,
    "2": 4.822590013402094e-10,
    "3": 4.2964519467391874e-10,
    "4": 3.8412127492455596e-10,
    "5": 3.4942538512020777e-10
  },
  "Z1_Ds": {
    "1": 4.338532241331388e-10,
    "2": 5.06520874459084e-10,
    "3": 5.484118669983731e-10,
    "4": 5.705480204831209e-10,
    "5": 5.920708435955476e-10
  },
  "Z0_Bs": 0.169006986848754,
  "Z1_Bs": 0.6244124366705486
}