	EffectiveMass	Error	RegUp	RegLow
0	0.6446947288513203	0.026638233273276447	23	18
