	EffectiveMass	Error	RegUp	RegLow
0	0.6703914642334005	0.03904065386667157	23	18
