	EffectiveMass	Error	RegUp	RegLow
0	0.698137884140017	0.021930585274692434	23	18
