	EffectiveMass	Error	RegUp	RegLow
0	0.6931212997436544	0.02094484987655071	23	18
