	EffectiveMass	Error	RegUp	RegLow
0	0.6197348880767841	0.03510049801135636	23	18
