	EffectiveMass	Error	RegUp	RegLow
0	0.6608223438262961	0.0314513688042348	23	18
