	EffectiveMass	Error	RegUp	RegLow
0	0.6462240219116231	0.05569521705014565	24	19
