	EffectiveMass	Error	RegUp	RegLow
0	0.6951314926147483	0.02280277234478293	23	18
