	EffectiveMass	Error	RegUp	RegLow
0	0.6527571773529075	0.03924817349251517	23	18
