	EffectiveMass	Error	RegUp	RegLow
0	0.6573462963104268	0.03432593087297235	24	19
