	EffectiveMass	Error	RegUp	RegLow
0	0.6849303150177022	0.028497561538100062	23	18
