	EffectiveMass	Error	RegUp	RegLow
0	0.6748554039001486	0.025123514049061588	23	18
