	EffectiveMass	Error	RegUp	RegLow
0	0.7163240528106711	0.019831945566251476	23	18
