	EffectiveMass	Error	RegUp	RegLow
0	0.6290354347229024	0.03979261174002032	23	18
