	EffectiveMass	Error	RegUp	RegLow
0	0.6987090492248558	0.051154370081321274	24	19
