	EffectiveMass	Error	RegUp	RegLow
0	0.6637054634094259	0.022570042976778806	23	18
