	EffectiveMass	Error	RegUp	RegLow
0	0.5917135620117207	0.03752670141217803	23	18
