	EffectiveMass	Error	RegUp	RegLow
0	0.6461733436584494	0.04403368927749838	23	18
