	EffectiveMass	Error	RegUp	RegLow
0	0.2512915039062505	0.010624120690163899	16	13
