	EffectiveMass	Error	RegUp	RegLow
0	0.2809560394287116	0.008503541308671073	16	12
