	EffectiveMass	Error	RegUp	RegLow
0	0.2660937500000006	0.00928250393960133	16	13
