	EffectiveMass	Error	RegUp	RegLow
0	0.26201665878295954	0.01866543164687201	23	18
