	EffectiveMass	Error	RegUp	RegLow
0	0.2661816406250006	0.00928593723249943	16	13
