	EffectiveMass	Error	RegUp	RegLow
0	0.28097961425781315	0.008515253690476884	16	13
