	EffectiveMass	Error	RegUp	RegLow
0	0.285835094451905	0.009745273337487011	23	18
