	EffectiveMass	Error	RegUp	RegLow
0	0.2725218963623053	0.011462860843214856	23	18
