	EffectiveMass	Error	RegUp	RegLow
0	0.2535352039337164	0.015657271689137397	16	12
