	EffectiveMass	Error	RegUp	RegLow
0	0.2882904052734382	0.01593627306567459	16	13
