	EffectiveMass	Error	RegUp	RegLow
0	0.2810729980468757	0.008517856207332666	16	13
