	EffectiveMass	Error	RegUp	RegLow
0	0.266062908172608	0.009261908411590065	16	12
