	EffectiveMass	Error	RegUp	RegLow
0	0.2513745117187505	0.010627341789839598	16	13
