	EffectiveMass	Error	RegUp	RegLow
0	0.23636789321899462	0.012894508880567765	16	12
