	EffectiveMass	Error	RegUp	RegLow
0	0.25129195213317923	0.010607547742245683	16	12
