	EffectiveMass	Error	RegUp	RegLow
0	0.262318201065064	0.014522004362438296	23	18
