	EffectiveMass	Error	RegUp	RegLow
0	0.2365173339843755	0.012934443010891594	16	13
