	EffectiveMass	Error	RegUp	RegLow
0	0.25353454589843805	0.015639413776381863	16	13
