	EffectiveMass	Error	RegUp	RegLow
0	0.28084710121154854	0.02340643736039107	23	18
