	EffectiveMass	Error	RegUp	RegLow
0	2.2381716537475675	0.1625029343392782	16	12
