	EffectiveMass	Error	RegUp	RegLow
0	3.145934906005871	0.147144766880742	16	12
