	EffectiveMass	Error	RegUp	RegLow
0	0.29993704795837484	0.005208793507022555	27	20
