	EffectiveMass	Error	RegUp	RegLow
0	0.316376380920411	0.004891896991862077	27	20
