	EffectiveMass	Error	RegUp	RegLow
0	0.3199825286865243	0.011506594256682653	27	20
