	EffectiveMass	Error	RegUp	RegLow
0	0.31208680152893153	0.011943871460432808	25	18
