	EffectiveMass	Error	RegUp	RegLow
0	0.28216945648193437	0.01597102321366624	27	20
