	EffectiveMass	Error	RegUp	RegLow
0	0.30223489761352607	0.012826805144348995	25	18
