	EffectiveMass	Error	RegUp	RegLow
0	0.30575325012207105	0.008119883287310227	27	20
