	EffectiveMass	Error	RegUp	RegLow
0	0.29409843444824296	0.007758465661856402	27	20
