	EffectiveMass	Error	RegUp	RegLow
0	0.31007579803466867	0.004617283748068125	27	20
