	EffectiveMass	Error	RegUp	RegLow
0	0.3205280876159676	0.004410755030575366	27	20
