	EffectiveMass	Error	RegUp	RegLow
0	0.30923094749450764	0.01779677878455427	27	20
