	EffectiveMass	Error	RegUp	RegLow
0	0.29739082336425854	0.007787800470987902	27	20
