	EffectiveMass	Error	RegUp	RegLow
0	0.3256836223602303	0.004586618451522317	27	20
