	EffectiveMass	Error	RegUp	RegLow
0	0.3326961708068856	0.010319633418041048	27	20
