	EffectiveMass	Error	RegUp	RegLow
0	0.3073588085174568	0.005487684459577985	27	20
