	EffectiveMass	Error	RegUp	RegLow
0	0.3063097000122077	0.012204291971846467	27	20
