	EffectiveMass	Error	RegUp	RegLow
0	0.2856666660308844	0.0075578744968841085	27	20
