	EffectiveMass	Error	RegUp	RegLow
0	0.32282621383667076	0.011363580373069518	25	18
