{
  "ensemble": "C2",
  "cmass": "0.300",
  "FF": "A0",
  "use_disp": true,
  "frozen": true,
  "reg_low": 3,
  "reg_up": 10,
  "chi2": 22.464885608806668,
  "ndof": 20,
  "chi2/dof": 1.1232442804403333,
  "pvalue": 0.31582648167541905,
  "T": 20.0,
  "mDs_gs": {
    "1": 1.0126604166475022,
    "2": 1.0400759504591546,
    "3": 1.0665436012887426,
    "4": 1.0895339805402802,
    "5": 1.1147027935541245
  },
  "mDs_es": {
    "1": 1.4048009633129204,
    "2": 1.387119886126366,
    "3": 1.3894390379335608,
    "4": 1.3846103183268668,
    "5": 1.4148238610627282
  },
  "mBs_gs": 3.0085610001408263,
  "mBs_es": 3.516861691747825,
  "Z0_Ds": {
    "1": 7.121615538062097e-07,
    "2": 6.233493399024049e-07,
    "3": 5.506407730254144e-07,
    "4": 4.856851723837775e-07,
    "5": 4.3790323265947793e-07
  },
  "Z1_Ds": {
    "1": 5.7989525764234e-07,
    "2": 6.29001067546575e-07,
    "3": 6.506055762972816e-07,
    "4": 6.621202938613992e-07,
    "5": 6.790947655231847e-07
  },
  "Z0_Bs": 0.2142275784307835,
  "Z1_Bs": 0.6001976481847372
}