	EffectiveMass	Error	RegUp	RegLow
0	0.23247295379638722	0.013783401580581387	23	18
