	EffectiveMass	Error	RegUp	RegLow
0	0.2813605880737311	0.008777772731223231	23	18
