	EffectiveMass	Error	RegUp	RegLow
0	0.2654725265502935	0.016689449078342182	23	18
