	EffectiveMass	Error	RegUp	RegLow
0	0.24212337493896532	0.01238707374295581	23	18
