	EffectiveMass	Error	RegUp	RegLow
0	0.2674815464019781	0.009639207707694586	23	18
