	EffectiveMass	Error	RegUp	RegLow
0	0.27853902816772524	0.020211824969102832	24	19
