	EffectiveMass	Error	RegUp	RegLow
0	0.2510107421875005	0.013762591362869041	23	18
