	EffectiveMass	Error	RegUp	RegLow
0	0.26141571044921924	0.010325383521084652	23	18
