	EffectiveMass	Error	RegUp	RegLow
0	0.2803144073486335	0.008447635203827322	23	18
