	EffectiveMass	Error	RegUp	RegLow
0	0.27623300552368235	0.015583450781500446	23	18
