	EffectiveMass	Error	RegUp	RegLow
0	0.28255695343017645	0.008301442632398898	24	19
