	EffectiveMass	Error	RegUp	RegLow
0	0.26780620574951225	0.017469829779967458	24	19
