	EffectiveMass	Error	RegUp	RegLow
0	0.25000542640686085	0.00989466935141354	23	18
