	EffectiveMass	Error	RegUp	RegLow
0	0.2604449081420904	0.014424844037148365	23	18
