	EffectiveMass	Error	RegUp	RegLow
0	0.26576341629028377	0.00889539183707399	23	18
