	EffectiveMass	Error	RegUp	RegLow
0	0.25065541267395075	0.011052936736891953	23	18
