	EffectiveMass	Error	RegUp	RegLow
0	0.26086576461792055	0.01212356490868621	24	19
