	EffectiveMass	Error	RegUp	RegLow
0	0.2886212158203132	0.00792845732114699	23	18
