	EffectiveMass	Error	RegUp	RegLow
0	0.2759225940704352	0.008817236164442079	23	18
