	EffectiveMass	Error	RegUp	RegLow
0	0.2702124595642096	0.009669404480680738	24	19
