{
  "ensemble": "F1S",
  "cmass": 0.259,
  "FF": "A0",
  "use_disp": true,
  "frozen": true,
  "reg_low": 8,
  "reg_up": 20,
  "chi2": 57.29324611212734,
  "ndof": 45,
  "chi2/dof": 1.2731832469361632,
  "pvalue": 0.10337749093191184,
  "T": 30.0,
  "mDs_gs": {
    "1": 0.7588688640336999,
    "2": 0.7690312953278511,
    "3": 0.7790178749074856,
    "4": 0.7883781136106468,
    "5": 0.7979645080011392
  },
  "mDs_es": {
    "1": 1.0097530085890596,
    "2": 1.0140925786075827,
    "3": 1.0223513191962497,
    "4": 1.0287749918090927,
    "5": 1.039802232197942
  },
  "mBs_gs": 1.9244310313425803,
  "mBs_es": 2.341609935416783,
  "Z0_Ds": {
    "1": 1.4000568914665867e-12,
    "2": 1.2950445476292098e-12,
    "3": 1.2037833783466313e-12,
    "4": 1.1245804857536587e-12,
    "5": 1.0512387048584796e-12
  },
  "Z1_Ds": {
    "1": 9.635162445073066e-13,
    "2": 1.0951716680068875e-12,
    "3": 1.183636819088192e-12,
    "4": 1.2489159742176101e-12,
    "5": 1.3011288031409365e-12
  },
  "Z0_Bs": 0.14083727350551872,
  "Z1_Bs": 0.44469915198730997
}