{
  "ensemble": "F1S",
  "cmass": 0.259,
  "FF": "A1",
  "use_disp": true,
  "frozen": true,
  "reg_low": 12,
  "reg_up": 20,
  "chi2": 36.446286151188616,
  "ndof": 25,
  "chi2/dof": 1.4578514460475447,
  "pvalue": 0.06509574874077662,
  "T": 30.0,
  "mDs_gs": {
    "0": 0.7483429498784389,
    "1": 0.7588688640336999,
    "2": 0.7690312953278511,
    "4": 0.7883781136106468,
    "5": 0.7979645080011392
  },
  "mDs_es": {
    "0": 1.0029034855318328,
    "1": 1.0097530085890596,
    "2": 1.0140925786075827,
    "4": 1.0287749918090927,
    "5": 1.039802232197942
  },
  "mBs_gs": 1.9244310313425803,
  "mBs_es": 2.341609935416783,
  "Z0_Ds": {
    "0": 1.5171133813044393e-12,
    "1": 1.4000568914665867e-12,
    "2": 1.2950445476292098e-12,
    "4": 1.1245804857536587e-12,
    "5": 1.0512387048584796e-12
  },
  "Z1_Ds": {
    "0": 7.472034860724706e-13,
    "1": 9.635162445073066e-13,
    "2": 1.0951716680068875e-12,
    "4": 1.2489159742176101e-12,
    "5": 1.3011288031409365e-12
  },
  "Z0_Bs": 0.14083727350551872,
  "Z1_Bs": 0.44469915198730997
}