{
  "ensemble": "C1",
  "cmass": "0.400",
  "FF": "A1",
  "use_disp": true,
  "frozen": true,
  "reg_low": 4,
  "reg_up": 15,
  "chi2": 55.38078535233874,
  "ndof": 40,
  "chi2/dof": 1.3845196338084684,
  "pvalue": 0.053602588805560125,
  "T": 20.0,
  "mDs_gs": {
    "0": 1.102260373452543,
    "1": 1.126366275858775,
    "2": 1.149978802843447,
    "4": 1.1930505366781785,
    "5": 1.2163546621668182
  },
  "mDs_es": {
    "0": 1.4326548693277732,
    "1": 1.4198550270343822,
    "2": 1.4268991537931544,
    "4": 1.4600416503225386,
    "5": 1.496639937467826
  },
  "mBs_gs": 3.0069502709532503,
  "mBs_es": 3.5090274447825016,
  "Z0_Ds": {
    "0": 8.454647745663189e-07,
    "1": 7.212510454119682e-07,
    "2": 6.211457904512968e-07,
    "4": 4.7439377443964417e-07,
    "5": 4.262675648869662e-07
  },
  "Z1_Ds": {
    "0": 3.9417607231556423e-07,
    "1": 5.559888899648455e-07,
    "2": 6.174570982751871e-07,
    "4": 6.66478909861852e-07,
    "5": 6.875066839793262e-07
  },
  "Z0_Bs": 0.21196617875546714,
  "Z1_Bs": 0.5907907498653349
}