{
  "ensemble": "C2",
  "cmass": "0.350",
  "FF": "A0",
  "use_disp": true,
  "frozen": true,
  "reg_low": 3,
  "reg_up": 10,
  "chi2": 23.274066482242652,
  "ndof": 20,
  "chi2/dof": 1.1637033241121326,
  "pvalue": 0.27553852608090446,
  "T": 20.0,
  "mDs_gs": {
    "1": 1.0738556119195777,
    "2": 1.0988523490367883,
    "3": 1.12329552332416,
    "4": 1.1444233984857617,
    "5": 1.1673698365494605
  },
  "mDs_es": {
    "1": 1.4471026026729743,
    "2": 1.4304678035930507,
    "3": 1.4393102465971972,
    "4": 1.4412524429877147,
    "5": 1.4663598945455232
  },
  "mBs_gs": 3.0085610001408263,
  "mBs_es": 3.516861691747825,
  "Z0_Ds": {
    "1": 7.237434425998843e-07,
    "2": 6.286088303868015e-07,
    "3": 5.521782321736788e-07,
    "4": 4.848931272456476e-07,
    "5": 4.332221798230748e-07
  },
  "Z1_Ds": {
    "1": 5.832862897950502e-07,
    "2": 6.327473425160707e-07,
    "3": 6.609044502360777e-07,
    "4": 6.783310196592576e-07,
    "5": 6.890917699336223e-07
  },
  "Z0_Bs": 0.2142275784307835,
  "Z1_Bs": 0.6001976481847372
}